[Licensing::Module] Trying to connect to existing licensing client channel...
Built from '6000.5/staging' branch; Version is '6000.5.8f1 (5cb7df797b7d) revision 6076383'; Using compiler version '194234433'; Build Type 'Release'
OS: 'Windows 10  (10.0.19045) 64bit Professional' Language: 'en' Physical Memory: 12286 MB
[Licensing::IpcConnector] Successfully connected to: "LicenseClient-Engame" at "2026-08-17T07:15:38.3704363Z"
BatchMode: 1, IsHumanControllingUs: 0, StartBugReporterOnCrash: 0, Is64bit: 1
System  architecture: x64
Process architecture: x64
Date: 2026-08-17T07:15:38Z

COMMAND LINE ARGUMENTS:
C:\Program Files\Unity\Hub\Editor\6000.5.8f1\Editor\Unity.exe
-adb2
-batchMode
-noUpm
-name
AssetImportWorkerHW0
-projectPath
C:/Users/Engame/Desktop/David/EndlessRunner
-logFile
Logs/AssetImportWorkerHW0.log
-srvPort
50571
-parentPid
8000
-analyticsCloudUserId
anonymous
-analyticsCloudProjectId
a1605acd-bbdc-4107-a658-21369e7a60c2
-analyticsLocalProjectId
96fbdbf2cfd897f4994e3ce5cd1efe64
-editorAnalyticsEnabled
1
-cbmEditorLicense
7109902b142ef53b4ca489d52f3d3cd0c5588dbc
-cbmMachineId
FIwLgOHRTG549Hq/UP7NnpCWH+8=
-licensingIpc
LicenseClient-Engame
-noDiagnosticSwitchPersistentStore
-job-worker-count
5
-background-job-worker-count
8
-asset-garbage-collectors
1
-force-d3d12
-name
AssetImport
Successfully changed project path to: C:/Users/Engame/Desktop/David/EndlessRunner
C:/Users/Engame/Desktop/David/EndlessRunner
[UnityMemory] Configuration Parameters - Can be set up in boot.config
    "memorysetup-temp-allocator-size-gi-baking-worker=262144"
    "memorysetup-temp-allocator-size-gi-baking-worker=262144"
    "memorysetup-temp-allocator-size-gi-baking-worker=262144"
    "memorysetup-temp-allocator-size-gi-baking-worker=262144"
    "memorysetup-temp-allocator-size-gi-baking-worker=262144"
    "memorysetup-temp-allocator-size-nav-mesh-worker=65536"
    "memorysetup-temp-allocator-size-audio-worker=65536"
    "memorysetup-temp-allocator-size-cloud-worker=32768"
    "memorysetup-temp-allocator-size-gfx=262144"
    "memorysetup-temp-allocator-size-preload-manager=33554432"
    "memorysetup-allocator-temp-initial-block-size-main=262144"
    "memorysetup-allocator-temp-initial-block-size-worker=262144"
    "memorysetup-temp-allocator-size-job-worker=262144"
    "memorysetup-temp-allocator-size-background-worker=32768"
    "memorysetup-bucket-allocator-granularity=16"
    "memorysetup-bucket-allocator-bucket-count=8"
    "memorysetup-bucket-allocator-block-size=33554432"
    "memorysetup-bucket-allocator-block-count=8"
    "memorysetup-main-allocator-block-size=16777216"
    "memorysetup-thread-allocator-block-size=16777216"
    "memorysetup-main-allocator-mimalloc-enabled=0"
    "memorysetup-gfx-main-allocator-block-size=16777216"
    "memorysetup-gfx-thread-allocator-block-size=16777216"
    "memorysetup-cache-allocator-block-size=4194304"
    "memorysetup-typetree-allocator-block-size=2097152"
    "memorysetup-profiler-bucket-allocator-granularity=16"
    "memorysetup-profiler-bucket-allocator-bucket-count=8"
    "memorysetup-profiler-bucket-allocator-block-size=33554432"
    "memorysetup-profiler-bucket-allocator-block-count=8"
    "memorysetup-profiler-allocator-block-size=16777216"
    "memorysetup-profiler-editor-allocator-block-size=1048576"
    "memorysetup-temp-allocator-size-main=16777216"
    "memorysetup-job-temp-allocator-block-size=2097152"
    "memorysetup-job-temp-allocator-block-size-background=1048576"
    "memorysetup-job-temp-allocator-reduction-small-platforms=262144"
Player connection [9740]  Target information:

Player connection [9740]  * "[IP] 192.168.1.43 [Port] 0 [Flags] 2 [Guid] 71476039 [EditorId] 71476039 [Version] 1048832 [Id] WindowsEditor(7,DESKTOP-UBJJK3A) [Debug] 1 [PackageName] WindowsEditor [ProjectName] Editor" 

Player connection [9740] Host joined multi-casting on [225.0.0.222:54997]...
Player connection [9740] Host joined alternative multi-casting on [225.0.0.222:34997]...
JobSystem: Creating JobQueue using job-worker-count value 5
Input System module state changed to: Initialized.
[Physics::Module] Initialized fallback backend.
[Physics::Module] Id: 0xdecafbad
Library Redirect Path: Library/
[Physics::Module] Selected backend.
[Physics::Module] Name: PhysX
[Physics::Module] Id: 0xf2b8ea05
[Physics::Module] SDK Version: 4.1.2
[Physics::Module] Integration Version: 1.0.0
[Physics::Module] Threading Mode: Multi-Threaded
Refreshing native plugins compatible for Editor in 7.15 ms, found 3 plugins.
Initialize engine version: 6000.5.8f1 (5cb7df797b7d)
[Subsystems] Discovering subsystems at path C:/Program Files/Unity/Hub/Editor/6000.5.8f1/Editor/Data/Resources/UnitySubsystems
[Subsystems] Discovering subsystems at path C:/Users/Engame/Desktop/David/EndlessRunner/Assets
Forcing GfxDevice: Direct3D 12
GfxDevice: creating device client; kGfxThreadingModeNonThreaded
d3d12: failed to query info queue interface (0x80004002).
Direct3D:
    Version:         Direct3D 12 [level 11.0]
    Renderer:        NVIDIA GeForce GTX 670 (ID=0x1189)
    Vendor:          NVIDIA
    VRAM:            2007 MB
    App VRAM Budget: 1706 MB
    Driver:          30.0.14.7141
Initialize mono
Mono path[0] = 'C:/Program Files/Unity/Hub/Editor/6000.5.8f1/Editor/Data/Managed'
Mono path[1] = 'C:/Program Files/Unity/Hub/Editor/6000.5.8f1/Editor/Data/BCLExtensions/runtime/netstandard2.1'
Mono path[2] = 'C:/Program Files/Unity/Hub/Editor/6000.5.8f1/Editor/Data/MonoBleedingEdge/lib/mono/unityjit-win32'
Mono config path = 'C:/Program Files/Unity/Hub/Editor/6000.5.8f1/Editor/Data/MonoBleedingEdge/etc'
Using monoOptions --debugger-agent=transport=dt_socket,embedding=1,server=y,suspend=n,address=127.0.0.1:56356
CodeReloadManager initialized
Begin MonoManager ReloadAssembly
Registering precompiled unity dll's ...
Register platform support module: C:/Program Files/Unity/Hub/Editor/6000.5.8f1/Editor/Data/PlaybackEngines/WebGLSupport/UnityEditor.WebGL.Extensions.dll
Register platform support module: C:/Program Files/Unity/Hub/Editor/6000.5.8f1/Editor/Data/PlaybackEngines/WindowsStandaloneSupport/UnityEditor.WindowsStandalone.Extensions.dll
[Licensing::Module] Licensing is not yet initialized.
[Licensing::Client] Error: HandshakeResponse reported an error:
	ResponseCode: 505
	ResponseStatus: Unsupported protocol version '1.18.1'.
[Licensing::Module] Error: Failed to handshake to channel: "LicenseClient-Engame"
[Licensing::IpcConnector] LicenseClient-Engame channel disconnected successfully.
[Licensing::IpcConnector] Successfully connected to: "LicenseClient-Engame-6000.5.8" at "2026-08-17T07:15:57.6058908Z"
[Licensing::Client] Code 10 while verifying Licensing Client signature (process Id: 3548, path: "C:/Program Files/Unity/Hub/Editor/6000.5.8f1/Editor/Data/Resources/Licensing/Client/Unity.Licensing.Client.exe")
[Licensing::Module] LicensingClient has failed validation; ignoring
[Licensing::Client] Handshaking with LicensingClient:
  Version:                 1.18.1+9fbee8e
  Session Id:              88d9993cf7184ddb86ce345702c104d2
  Correlation Id:          1d4c0cede568b90511e9dee213801d31
  External correlation Id: 1312740217345236488
  Machine Id:              FIwLgOHRTG549Hq/UP7NnpCWH+8=
[Licensing::Module] Successfully connected to LicensingClient on channel: "LicenseClient-Engame-6000.5.8" (connect: 0.00s, validation: 0.00s, handshake: 0.01s)
[Licensing::IpcConnector] Successfully connected to: "LicenseClient-Engame-6000.5.8-notifications" at "2026-08-17T07:15:57.6212525Z"
[Licensing::Module] Licensing Background thread has ended after 19.25s
[Licensing::Module] Licensing is initialized (took 17.56s).
[Licensing::Client] Successfully resolved entitlement details
[Licensing::Module] License group:
  Id: 22088-UnityPersXXXX
  Product: Unity Personal
  Type: Assigned
  Expiration: Unlimited
Register platform support module: C:/Program Files/Unity/Hub/Editor/6000.5.8f1/Editor/Data/PlaybackEngines/MetroSupport/UnityEditor.UWP.Extensions.dll
Registered in 17.567515 seconds.
Native extension for UWP target not found
Native extension for WindowsStandalone target not found
Native extension for WebGL target not found
Package Manager log level set to [2]
[Package Manager] Failed to launch server process. Reason: Unity was launched with the -noUpm command-line argument
[Package Manager] Unable to send message (not connected to server process).
[Package Manager] Cannot connect to Unity Package Manager local server
ScheduleIndexationOnStartup MainProcess:False IndexOnStartup:True
Mono: successfully reloaded assembly
- Finished resetting the current domain, in  1.345 seconds
Domain Reload Profiling: 19964ms
	BeginReloadAssembly (265ms)
	RebuildCommonClasses (9ms)
	RebuildNativeTypeToScriptingClass (48ms)
	initialDomainReloadingComplete (17700ms)
	LoadAllAssembliesAndSetupDomain (595ms)
		LoadAssemblies (259ms)
		AnalyzeDomain (440ms)
			TypeCache.Refresh (438ms)
				TypeCache.ScanAssembly (411ms)
	FinalizeReload (1347ms)
		SetupLoadedEditorAssemblies (0ms)
			InitializePlatformSupportModulesInManaged (5ms)
			BeforeProcessingInitializeOnLoad (188ms)
			ProcessInitializeOnLoadAttributes (190ms)
			ProcessInitializeOnLoadMethodAttributes (811ms)
Assembly reference Packages/com.unity.cinemachine/Editor/Samples/ExposeHDRPInternals/HDRP-Editor-ref.asmref has no target assembly definition
Initializing Unity extensions:
[Licensing::Client] Successfully resolved entitlement details
========================================================================
Worker process is ready to serve import requests
Import Worker Mode flag is 0x00
Assembly reference Packages/com.unity.cinemachine/Editor/Samples/ExposeHDRPInternals/HDRP-Editor-ref.asmref has no target assembly definition
Assembly reference Packages/com.unity.cinemachine/Editor/Samples/ExposeHDRPInternals/HDRP-Editor-ref.asmref has no target assembly definition
Begin MonoManager ReloadAssembly
Assembly reference Packages/com.unity.cinemachine/Editor/Samples/ExposeHDRPInternals/HDRP-Editor-ref.asmref has no target assembly definition
Assembly reference Packages/com.unity.cinemachine/Editor/Samples/ExposeHDRPInternals/HDRP-Editor-ref.asmref has no target assembly definition
Refreshing native plugins compatible for Editor in 3.66 ms, found 3 plugins.
Native extension for UWP target not found
Native extension for WindowsStandalone target not found
Native extension for WebGL target not found
[Package Manager] Failed to launch server process. Reason: Unity was launched with the -noUpm command-line argument
[Package Manager] Unable to send message (not connected to server process).
[Package Manager] Cannot connect to Unity Package Manager local server
[Package Manager] Failed to launch server process. Reason: Unity was launched with the -noUpm command-line argument
[Package Manager] Unable to send message (not connected to server process).
[Package Manager] Cannot connect to Unity Package Manager local server
ScheduleIndexationOnStartup MainProcess:False IndexOnStartup:True
Mono: successfully reloaded assembly
- Finished resetting the current domain, in  1.255 seconds
Domain Reload Profiling: 3155ms
	BeginReloadAssembly (426ms)
		DisableScriptedObjects (33ms)
		CreateAndSetChildDomain (54ms)
	RebuildCommonClasses (15ms)
	RebuildNativeTypeToScriptingClass (35ms)
	initialDomainReloadingComplete (119ms)
	LoadAllAssembliesAndSetupDomain (1304ms)
		LoadAssemblies (858ms)
		AnalyzeDomain (414ms)
			TypeCache.Refresh (272ms)
				TypeCache.ScanAssembly (247ms)
			BuildScriptInfoCaches (129ms)
			ResolveRequiredComponents (10ms)
	FinalizeReload (1257ms)
		SetupLoadedEditorAssemblies (0ms)
			InitializePlatformSupportModulesInManaged (4ms)
			BeforeProcessingInitializeOnLoad (193ms)
			ProcessInitializeOnLoadAttributes (353ms)
			ProcessInitializeOnLoadMethodAttributes (212ms)
			AfterProcessingInitializeOnLoad (16ms)
		AwakeInstancesAfterBackupRestoration (15ms)
AcceleratorClientConnectionCallback - disconnected - :0
Shader Hidden/ChartRasterizerHardware is not supported: GPU does not support conservative rasterization
Shader Hidden/ChartRasterizerHardware is not supported: GPU does not support conservative rasterization
Launched and connected shader compiler UnityShaderCompiler.exe after 0.02 seconds
Refreshing native plugins compatible for Editor in 3.22 ms, found 3 plugins.
Unloading 35 Unused Serialized files (Serialized files now loaded: 0)
Curl error 3: URL rejected: Malformed input to a URL function
Unloading 6249 unused Assets / (6.8 MB). Loaded Objects now: 7210.
Memory consumption went from 299.9 MB to 293.2 MB.
Total: 17.879600 ms (FindLiveObjects: 1.499700 ms CreateObjectMapping: 2.746700 ms MarkObjects: 9.249100 ms  DeleteObjects: 3.733400 ms)

========================================================================
Received Prepare
AcceleratorClientConnectionCallback - disconnected - :0
Shader Hidden/ChartRasterizerHardware is not supported: GPU does not support conservative rasterization
Refreshing native plugins compatible for Editor in 3.14 ms, found 3 plugins.
Unloading 35 Unused Serialized files (Serialized files now loaded: 0)
Unloading 35 unused Assets / (3.1 MB). Loaded Objects now: 7210.
Memory consumption went from 293.0 MB to 289.9 MB.
Total: 10.626700 ms (FindLiveObjects: 0.809700 ms CreateObjectMapping: 0.968300 ms MarkObjects: 7.953400 ms  DeleteObjects: 0.893100 ms)

Prepare: number of updated asset objects reloaded= 1
========================================================================
Received Prepare
AcceleratorClientConnectionCallback - disconnected - :0
Shader Hidden/ChartRasterizerHardware is not supported: GPU does not support conservative rasterization
Refreshing native plugins compatible for Editor in 3.74 ms, found 3 plugins.
Unloading 30 Unused Serialized files (Serialized files now loaded: 0)
Unloading 30 unused Assets / (2.8 MB). Loaded Objects now: 7264.
Memory consumption went from 303.8 MB to 301.0 MB.
Total: 13.481500 ms (FindLiveObjects: 0.883300 ms CreateObjectMapping: 1.091700 ms MarkObjects: 10.535400 ms  DeleteObjects: 0.969000 ms)

Prepare: number of updated asset objects reloaded= 0
========================================================================
Received Prepare
AcceleratorClientConnectionCallback - disconnected - :0
Shader Hidden/ChartRasterizerHardware is not supported: GPU does not support conservative rasterization
Refreshing native plugins compatible for Editor in 3.38 ms, found 3 plugins.
Unloading 30 Unused Serialized files (Serialized files now loaded: 0)
Unloading 30 unused Assets / (2.8 MB). Loaded Objects now: 7264.
Memory consumption went from 303.8 MB to 301.0 MB.
Total: 12.117600 ms (FindLiveObjects: 0.913900 ms CreateObjectMapping: 1.087700 ms MarkObjects: 9.268000 ms  DeleteObjects: 0.845800 ms)

Prepare: number of updated asset objects reloaded= 0
========================================================================
Received Import Request.
  Time of request: 2026-08-17T07:16:13.2300484Z
  Time since last request: 4425.69020809999984 seconds.
  importAddress: GUID: 06d84792a9f57fe479f9bfd81651581d - Path: Assets/Prefabs/Power.prefab - Importer: ScriptedImporter/UnityEditor.QuickSearchModule:UnityEditor.Search:ASIAI0B
Importing 'GUID: 06d84792a9f57fe479f9bfd81651581d - Path: Assets/Prefabs/Power.prefab - Importer: ScriptedImporter/UnityEditor.QuickSearchModule:UnityEditor.Search:ASIAI0B' with importer (ScriptedImporter : UnityEditor.QuickSearchModule:UnityEditor.Search:ASIAI0B)
Imported 'GUID: 06d84792a9f57fe479f9bfd81651581d' -> (Import Result ID: 'd9cf4369169c04533e3f33d099f41dc7') in 0.360 seconds [static and dynamic dependencies]. Details - ImportResultOutputID=5c467ca0971713a213ff689a9b76a450 DependenciesID=a0d04dbbdce9dfd280b78fee9134a928 StaticDependenciesID=0eca8cf4a0ecad9ac32474b5f36f263c 
Number of updated asset objects reloaded before import = 0
Number of asset objects unloaded after import = 19
========================================================================
Received Import Request.
  Time of request: 2026-08-17T07:16:13.6840054Z
  Time since last request: 0.066576 seconds.
  importAddress: GUID: 14f32c4a2067379479dcf98f2f184b7b - Path: Assets/Prefabs/Obstacle.prefab - Importer: ScriptedImporter/UnityEditor.QuickSearchModule:UnityEditor.Search:ASIAI0B
Importing 'GUID: 14f32c4a2067379479dcf98f2f184b7b - Path: Assets/Prefabs/Obstacle.prefab - Importer: ScriptedImporter/UnityEditor.QuickSearchModule:UnityEditor.Search:ASIAI0B' with importer (ScriptedImporter : UnityEditor.QuickSearchModule:UnityEditor.Search:ASIAI0B)
Imported 'GUID: 14f32c4a2067379479dcf98f2f184b7b' -> (Import Result ID: '14b9dd54c194d0172ac1f63ad0e5e62a') in 0.090 seconds [static and dynamic dependencies]. Details - ImportResultOutputID=c8cd9fe514be38dc8cae1445ba301ab5 DependenciesID=ab78e89d3b3f836a0673a07c7b92722d StaticDependenciesID=10630699f26f1583fe4c9be604693839 
Number of updated asset objects reloaded before import = 0
Number of asset objects unloaded after import = 8
========================================================================
Received Import Request.
  Time of request: 2026-08-17T07:16:13.8144442Z
  Time since last request: 0.0006815 seconds.
  importAddress: GUID: b743cbd42d20c784588056fd38776f2a - Path: Assets/Prefabs/touch.prefab - Importer: ScriptedImporter/UnityEditor.QuickSearchModule:UnityEditor.Search:ASIAI0B
Importing 'GUID: b743cbd42d20c784588056fd38776f2a - Path: Assets/Prefabs/touch.prefab - Importer: ScriptedImporter/UnityEditor.QuickSearchModule:UnityEditor.Search:ASIAI0B' with importer (ScriptedImporter : UnityEditor.QuickSearchModule:UnityEditor.Search:ASIAI0B)
Imported 'GUID: b743cbd42d20c784588056fd38776f2a' -> (Import Result ID: '3b8a0963bb0c2d87eaee27560fb76cf5') in 0.030 seconds [static and dynamic dependencies]. Details - ImportResultOutputID=3f012743f7ead281b13cebb6c0e3d230 DependenciesID=b3e2406820a5d8c802e03198af91b48b StaticDependenciesID=b84f58419483c9bd9088297944ed8563 
Number of updated asset objects reloaded before import = 0
Number of asset objects unloaded after import = 12
========================================================================
Received Import Request.
  Time of request: 2026-08-17T07:16:13.8760307Z
  Time since last request: 0.00069 seconds.
  importAddress: GUID: bde4b1b28c4c4a146894538449a55da2 - Path: Assets/Scripts/GameSystem.cs - Importer: ScriptedImporter/UnityEditor.QuickSearchModule:UnityEditor.Search:ASIAI0B
Importing 'GUID: bde4b1b28c4c4a146894538449a55da2 - Path: Assets/Scripts/GameSystem.cs - Importer: ScriptedImporter/UnityEditor.QuickSearchModule:UnityEditor.Search:ASIAI0B' with importer (ScriptedImporter : UnityEditor.QuickSearchModule:UnityEditor.Search:ASIAI0B)
Imported 'GUID: bde4b1b28c4c4a146894538449a55da2' -> (Import Result ID: '6dd3515b75a2be0b4a8882fb7df9b20f') in 0.012 seconds [static and dynamic dependencies]. Details - ImportResultOutputID=c1c3298d0f83ed6afcff18cf82154f30 DependenciesID=b0171cd4c3b0fbcc43718ea264751279 StaticDependenciesID=d3bcabbef2815a4f9671c30884f7503d 
Number of updated asset objects reloaded before import = 0
Number of asset objects unloaded after import = 0
========================================================================
Received Import Request.
  Time of request: 2026-08-17T07:16:13.9211386Z
  Time since last request: 0.0022532 seconds.
  importAddress: GUID: cf6ed7cdbbd5bf84492385c58aaffdb3 - Path: Assets/Musics/explose.mp3 - Importer: ScriptedImporter/UnityEditor.QuickSearchModule:UnityEditor.Search:ASIAI0B
Importing 'GUID: cf6ed7cdbbd5bf84492385c58aaffdb3 - Path: Assets/Musics/explose.mp3 - Importer: ScriptedImporter/UnityEditor.QuickSearchModule:UnityEditor.Search:ASIAI0B' with importer (ScriptedImporter : UnityEditor.QuickSearchModule:UnityEditor.Search:ASIAI0B)
Imported 'GUID: cf6ed7cdbbd5bf84492385c58aaffdb3' -> (Import Result ID: '22d1b4860249b6d108824abcd09b8a77') in 0.025 seconds [static and dynamic dependencies]. Details - ImportResultOutputID=c011f62f5c326dfa1798ab1a7bc806af DependenciesID=e506532932321a63a3bbc6b1e9e1326b StaticDependenciesID=5a9a897974b13ea29f77286c1ed31cf6 
Number of updated asset objects reloaded before import = 0
Number of asset objects unloaded after import = 1
========================================================================
Received Import Request.
  Time of request: 2026-08-17T07:16:13.9799217Z
  Time since last request: 0.0007251 seconds.
  importAddress: GUID: 1c5033fd4b394da429ca3e6b4778abbb - Path: Assets/Images/5timer.png - Importer: ScriptedImporter/UnityEditor.QuickSearchModule:UnityEditor.Search:ASIAI0B
Importing 'GUID: 1c5033fd4b394da429ca3e6b4778abbb - Path: Assets/Images/5timer.png - Importer: ScriptedImporter/UnityEditor.QuickSearchModule:UnityEditor.Search:ASIAI0B' with importer (ScriptedImporter : UnityEditor.QuickSearchModule:UnityEditor.Search:ASIAI0B)
Imported 'GUID: 1c5033fd4b394da429ca3e6b4778abbb' -> (Import Result ID: 'b5a3a4b2cc5632a426b558898a47635b') in 0.137 seconds [static and dynamic dependencies]. Details - ImportResultOutputID=a320499811a5230b58a2812c213cd7d4 DependenciesID=9a8c9c5f065a9d2e3d7ec26f88925638 StaticDependenciesID=ab56bfc355967e585566dec66da951cb 
Number of updated asset objects reloaded before import = 0
Number of asset objects unloaded after import = 3
========================================================================
Received Import Request.
  Time of request: 2026-08-17T07:16:14.1402571Z
  Time since last request: 0.0003827 seconds.
  importAddress: GUID: bc11ab9581163ba44b721acb44ce8763 - Path: Assets/Standard Assets/CameraIntrinsics.cs - Importer: ScriptedImporter/UnityEditor.QuickSearchModule:UnityEditor.Search:ASIAI0B
Importing 'GUID: bc11ab9581163ba44b721acb44ce8763 - Path: Assets/Standard Assets/CameraIntrinsics.cs - Importer: ScriptedImporter/UnityEditor.QuickSearchModule:UnityEditor.Search:ASIAI0B' with importer (ScriptedImporter : UnityEditor.QuickSearchModule:UnityEditor.Search:ASIAI0B)
Imported 'GUID: bc11ab9581163ba44b721acb44ce8763' -> (Import Result ID: 'd486fa44108472b573607ad4185d045e') in 0.020 seconds [static and dynamic dependencies]. Details - ImportResultOutputID=ee3278d4f7ca6251d9319a71f4e170ce DependenciesID=ef2306591a26adcb6043c7e5cfa869e8 StaticDependenciesID=d96c818a011ed57d76e4b8f6de6e6963 
Number of updated asset objects reloaded before import = 0
Number of asset objects unloaded after import = 0
========================================================================
Received Import Request.
  Time of request: 2026-08-17T07:16:14.1909697Z
  Time since last request: 0.0004992 seconds.
  importAddress: GUID: 83b058563ebc75747ac8265669b3cf2c - Path: Assets/Images/boneboostlogo.png - Importer: ScriptedImporter/UnityEditor.QuickSearchModule:UnityEditor.Search:ASIAI0B
Importing 'GUID: 83b058563ebc75747ac8265669b3cf2c - Path: Assets/Images/boneboostlogo.png - Importer: ScriptedImporter/UnityEditor.QuickSearchModule:UnityEditor.Search:ASIAI0B' with importer (ScriptedImporter : UnityEditor.QuickSearchModule:UnityEditor.Search:ASIAI0B)
Imported 'GUID: 83b058563ebc75747ac8265669b3cf2c' -> (Import Result ID: '3579a3f32144fd0fa26e7023b4a71477') in 0.034 seconds [static and dynamic dependencies]. Details - ImportResultOutputID=6e87be8ee14bebc3a7bdd9061d36e295 DependenciesID=770265efca599d4d1a8d44622cea8673 StaticDependenciesID=5f3851f688be4fd74cd17749f022a666 
Number of updated asset objects reloaded before import = 0
Number of asset objects unloaded after import = 3
========================================================================
Received Import Request.
  Time of request: 2026-08-17T07:16:14.2598822Z
  Time since last request: 0.0007341 seconds.
  importAddress: GUID: 018e514adc5308445adedb0d79ec0cf8 - Path: Assets/Images/supercell-magic.ttf - Importer: ScriptedImporter/UnityEditor.QuickSearchModule:UnityEditor.Search:ASIAI0B
Importing 'GUID: 018e514adc5308445adedb0d79ec0cf8 - Path: Assets/Images/supercell-magic.ttf - Importer: ScriptedImporter/UnityEditor.QuickSearchModule:UnityEditor.Search:ASIAI0B' with importer (ScriptedImporter : UnityEditor.QuickSearchModule:UnityEditor.Search:ASIAI0B)
Imported 'GUID: 018e514adc5308445adedb0d79ec0cf8' -> (Import Result ID: '55b2e8b1da410160e5739648daa0d594') in 0.073 seconds [static and dynamic dependencies]. Details - ImportResultOutputID=602f32abf4d935a74ba9f08123a40333 DependenciesID=c13a8e9623d64e30d31879b51da38580 StaticDependenciesID=180d2551a7bd01e460937d9b86025f23 
Number of updated asset objects reloaded before import = 0
Number of asset objects unloaded after import = 3
========================================================================
Received Import Request.
  Time of request: 2026-08-17T07:16:14.3697689Z
  Time since last request: 0.0007072 seconds.
  importAddress: GUID: e6b3e906c2ee2274e846c83e24c43caf - Path: Assets/Musics/backgroundMusic.mp3 - Importer: ScriptedImporter/UnityEditor.QuickSearchModule:UnityEditor.Search:ASIAI0B
Importing 'GUID: e6b3e906c2ee2274e846c83e24c43caf - Path: Assets/Musics/backgroundMusic.mp3 - Importer: ScriptedImporter/UnityEditor.QuickSearchModule:UnityEditor.Search:ASIAI0B' with importer (ScriptedImporter : UnityEditor.QuickSearchModule:UnityEditor.Search:ASIAI0B)
Imported 'GUID: e6b3e906c2ee2274e846c83e24c43caf' -> (Import Result ID: '2dc2104515f3e3d5d70705f42d93268e') in 0.013 seconds [static and dynamic dependencies]. Details - ImportResultOutputID=87ee446a65333b1dc09e65804d4c966c DependenciesID=377f76cae69e30a8f0ec140d7060450f StaticDependenciesID=0ad4f8faf4d93b9324b2336b5553e24c 
Number of updated asset objects reloaded before import = 0
Number of asset objects unloaded after import = 1
========================================================================
Received Import Request.
  Time of request: 2026-08-17T07:16:14.4133335Z
  Time since last request: 0.0016806 seconds.
  importAddress: GUID: 0465e8e341da6d94cb1f58cedcdb96e5 - Path: Assets/Scripts/SaveGame.cs - Importer: ScriptedImporter/UnityEditor.QuickSearchModule:UnityEditor.Search:ASIAI0B
Importing 'GUID: 0465e8e341da6d94cb1f58cedcdb96e5 - Path: Assets/Scripts/SaveGame.cs - Importer: ScriptedImporter/UnityEditor.QuickSearchModule:UnityEditor.Search:ASIAI0B' with importer (ScriptedImporter : UnityEditor.QuickSearchModule:UnityEditor.Search:ASIAI0B)
Imported 'GUID: 0465e8e341da6d94cb1f58cedcdb96e5' -> (Import Result ID: 'fd9aff2c7a21d49ed175b604d7f09e74') in 0.006 seconds [static and dynamic dependencies]. Details - ImportResultOutputID=8b3b11f39eb2c690e01e512ae07bedbb DependenciesID=0109bbb3e30ddfd6f3c7ed24edcb4849 StaticDependenciesID=8133c36d4e3fa063dc6baef4b7cb87d4 
Number of updated asset objects reloaded before import = 0
Number of asset objects unloaded after import = 0
========================================================================
Received Import Request.
  Time of request: 2026-08-17T07:16:14.4526641Z
  Time since last request: 0.0007263 seconds.
  importAddress: GUID: bb4e37d9c5be58c47b092c63c137e33d - Path: Assets/Scenes/Game.unity - Importer: ScriptedImporter/UnityEditor.QuickSearchModule:UnityEditor.Search:ASIAI0B
Importing 'GUID: bb4e37d9c5be58c47b092c63c137e33d - Path: Assets/Scenes/Game.unity - Importer: ScriptedImporter/UnityEditor.QuickSearchModule:UnityEditor.Search:ASIAI0B' with importer (ScriptedImporter : UnityEditor.QuickSearchModule:UnityEditor.Search:ASIAI0B)
Imported 'GUID: bb4e37d9c5be58c47b092c63c137e33d' -> (Import Result ID: '1f5106c70f7bd74637f045a8a867b32e') in 0.025 seconds [static and dynamic dependencies]. Details - ImportResultOutputID=ccfb6c95a97e5b098a1364c6fb116ed6 DependenciesID=0ce72eb72386a65f3f8efc971a51c7ae StaticDependenciesID=6e9dba8cbb8e8b939482653e9818c58a 
Number of updated asset objects reloaded before import = 0
Number of asset objects unloaded after import = 1
========================================================================
Received Import Request.
  Time of request: 2026-08-17T07:16:14.5139533Z
  Time since last request: 0.000839 seconds.
  importAddress: GUID: ab09877e2e707104187f6f83e2f62510 - Path: Assets/Settings/DefaultVolumeProfile.asset - Importer: ScriptedImporter/UnityEditor.QuickSearchModule:UnityEditor.Search:ASIAI0B
Importing 'GUID: ab09877e2e707104187f6f83e2f62510 - Path: Assets/Settings/DefaultVolumeProfile.asset - Importer: ScriptedImporter/UnityEditor.QuickSearchModule:UnityEditor.Search:ASIAI0B' with importer (ScriptedImporter : UnityEditor.QuickSearchModule:UnityEditor.Search:ASIAI0B)
Imported 'GUID: ab09877e2e707104187f6f83e2f62510' -> (Import Result ID: '72528b189cf682ed6f58e0b36b7420cc') in 0.014 seconds [static and dynamic dependencies]. Details - ImportResultOutputID=52afb8f8f53f4d5154ae404ae22c2b44 DependenciesID=6747da81298d9ac54999a8cdfcec0ce0 StaticDependenciesID=3fdc5f150f55a37eac79b6216b875509 
Number of updated asset objects reloaded before import = 0
Number of asset objects unloaded after import = 1
========================================================================
Received Import Request.
  Time of request: 2026-08-17T07:16:14.55564Z
  Time since last request: 0.0006447 seconds.
  importAddress: GUID: 81cb39dd8d546604ba266835ad322f40 - Path: Assets/Materials/touch.mat - Importer: ScriptedImporter/UnityEditor.QuickSearchModule:UnityEditor.Search:ASIAI0B
Importing 'GUID: 81cb39dd8d546604ba266835ad322f40 - Path: Assets/Materials/touch.mat - Importer: ScriptedImporter/UnityEditor.QuickSearchModule:UnityEditor.Search:ASIAI0B' with importer (ScriptedImporter : UnityEditor.QuickSearchModule:UnityEditor.Search:ASIAI0B)
Imported 'GUID: 81cb39dd8d546604ba266835ad322f40' -> (Import Result ID: '859a68f596e0b0d386144fd61be04e0d') in 0.060 seconds [static and dynamic dependencies]. Details - ImportResultOutputID=634bc9b93d2fa9042b55914aaa2b4611 DependenciesID=367a021aca99922c869730debe05cd15 StaticDependenciesID=cfbc7d8c7976df3eab1f5cbdd2eaef53 
Number of updated asset objects reloaded before import = 0
Number of asset objects unloaded after import = 3
========================================================================
Received Import Request.
  Time of request: 2026-08-17T07:16:14.6593948Z
  Time since last request: 0.0005107 seconds.
  importAddress: GUID: 75486866d96fb0346b09337663cc50c0 - Path: Assets/Scripts/GameEventManager.cs - Importer: ScriptedImporter/UnityEditor.QuickSearchModule:UnityEditor.Search:ASIAI0B
Importing 'GUID: 75486866d96fb0346b09337663cc50c0 - Path: Assets/Scripts/GameEventManager.cs - Importer: ScriptedImporter/UnityEditor.QuickSearchModule:UnityEditor.Search:ASIAI0B' with importer (ScriptedImporter : UnityEditor.QuickSearchModule:UnityEditor.Search:ASIAI0B)
Imported 'GUID: 75486866d96fb0346b09337663cc50c0' -> (Import Result ID: 'd6b4490d7be921f8a17ff31e6e30fe42') in 0.010 seconds [static and dynamic dependencies]. Details - ImportResultOutputID=99825de79a30277123c2eb7ecc62d714 DependenciesID=7a77b4f3eb30fd8e6afe631dab483b84 StaticDependenciesID=e6dce182b6b895d61da423e077171c36 
Number of updated asset objects reloaded before import = 0
Number of asset objects unloaded after import = 0
========================================================================
Received Import Request.
  Time of request: 2026-08-17T07:16:14.6993231Z
  Time since last request: 0.0006516 seconds.
  importAddress: GUID: 9e4f5e8b7aa47f54b88de3730063666e - Path: Assets/Scripts/GameA.cs - Importer: ScriptedImporter/UnityEditor.QuickSearchModule:UnityEditor.Search:ASIAI0B
Importing 'GUID: 9e4f5e8b7aa47f54b88de3730063666e - Path: Assets/Scripts/GameA.cs - Importer: ScriptedImporter/UnityEditor.QuickSearchModule:UnityEditor.Search:ASIAI0B' with importer (ScriptedImporter : UnityEditor.QuickSearchModule:UnityEditor.Search:ASIAI0B)
Imported 'GUID: 9e4f5e8b7aa47f54b88de3730063666e' -> (Import Result ID: '1b30d5021013f64bac2b3e0039b47521') in 0.010 seconds [static and dynamic dependencies]. Details - ImportResultOutputID=5c606a4608273e70dc35bff460e72891 DependenciesID=1b44d0b7f2ae817efcbe7beba345f83c StaticDependenciesID=031d969facad4555a2fac51067a11cbf 
Number of updated asset objects reloaded before import = 0
Number of asset objects unloaded after import = 0
========================================================================
Received Import Request.
  Time of request: 2026-08-17T07:16:14.7448365Z
  Time since last request: 0.0005932 seconds.
  importAddress: GUID: b238f62807f57b84dac2fc0594336a73 - Path: Assets/BoneMovement.cs - Importer: ScriptedImporter/UnityEditor.QuickSearchModule:UnityEditor.Search:ASIAI0B
Importing 'GUID: b238f62807f57b84dac2fc0594336a73 - Path: Assets/BoneMovement.cs - Importer: ScriptedImporter/UnityEditor.QuickSearchModule:UnityEditor.Search:ASIAI0B' with importer (ScriptedImporter : UnityEditor.QuickSearchModule:UnityEditor.Search:ASIAI0B)
Imported 'GUID: b238f62807f57b84dac2fc0594336a73' -> (Import Result ID: '65452abd4b403fb9adfac0104a7d9007') in 0.007 seconds [static and dynamic dependencies]. Details - ImportResultOutputID=a13b97f789947c2b6beb686a7d91bd31 DependenciesID=42962825c6c3a7209b270a208f669959 StaticDependenciesID=34975358b1f7b02940d0a6b77b71c52c 
Number of updated asset objects reloaded before import = 0
Number of asset objects unloaded after import = 0
========================================================================
Received Import Request.
  Time of request: 2026-08-17T07:16:14.7801015Z
  Time since last request: 0.0022023 seconds.
  importAddress: GUID: 845858f0098f9de468930c319fbafc50 - Path: Assets/trigger.cs - Importer: ScriptedImporter/UnityEditor.QuickSearchModule:UnityEditor.Search:ASIAI0B
Importing 'GUID: 845858f0098f9de468930c319fbafc50 - Path: Assets/trigger.cs - Importer: ScriptedImporter/UnityEditor.QuickSearchModule:UnityEditor.Search:ASIAI0B' with importer (ScriptedImporter : UnityEditor.QuickSearchModule:UnityEditor.Search:ASIAI0B)
Imported 'GUID: 845858f0098f9de468930c319fbafc50' -> (Import Result ID: '8977ce6bffefea37ef7a136e5a9c7c24') in 0.019 seconds [static and dynamic dependencies]. Details - ImportResultOutputID=08d0cdaa7da11d6fbd4739ae89bce9d2 DependenciesID=75ce48dfd32540fe4ff61157c354c65f StaticDependenciesID=f2b56af8f6360305ca844f7570b4663e 
Number of updated asset objects reloaded before import = 0
Number of asset objects unloaded after import = 0
========================================================================
Received Import Request.
  Time of request: 2026-08-17T07:16:14.8376248Z
  Time since last request: 0.0015424 seconds.
  importAddress: GUID: 5a96d40d57fb20f4c86410ad25f16598 - Path: Assets/Scripts/SoundController.cs - Importer: ScriptedImporter/UnityEditor.QuickSearchModule:UnityEditor.Search:ASIAI0B
Importing 'GUID: 5a96d40d57fb20f4c86410ad25f16598 - Path: Assets/Scripts/SoundController.cs - Importer: ScriptedImporter/UnityEditor.QuickSearchModule:UnityEditor.Search:ASIAI0B' with importer (ScriptedImporter : UnityEditor.QuickSearchModule:UnityEditor.Search:ASIAI0B)
Imported 'GUID: 5a96d40d57fb20f4c86410ad25f16598' -> (Import Result ID: '2350b9720c3c9aff10ed41cf8ab43989') in 0.009 seconds [static and dynamic dependencies]. Details - ImportResultOutputID=b6bb84fa76d0b2e107ef890f9e60220b DependenciesID=e6e82230ef6aa5c3d11966b7c0d25f50 StaticDependenciesID=7b6ee65836eaf990d7b67d9cdb535aee 
Number of updated asset objects reloaded before import = 0
Number of asset objects unloaded after import = 0
========================================================================
Received Import Request.
  Time of request: 2026-08-17T07:16:14.8845866Z
  Time since last request: 0.0006583 seconds.
  importAddress: GUID: b404867256ddca245871a9152fd54294 - Path: Assets/Standard Assets/CollectionMap.cs - Importer: ScriptedImporter/UnityEditor.QuickSearchModule:UnityEditor.Search:ASIAI0B
Importing 'GUID: b404867256ddca245871a9152fd54294 - Path: Assets/Standard Assets/CollectionMap.cs - Importer: ScriptedImporter/UnityEditor.QuickSearchModule:UnityEditor.Search:ASIAI0B' with importer (ScriptedImporter : UnityEditor.QuickSearchModule:UnityEditor.Search:ASIAI0B)
Imported 'GUID: b404867256ddca245871a9152fd54294' -> (Import Result ID: 'e15731b2ffb6d745eb145b19afcb0e26') in 0.021 seconds [static and dynamic dependencies]. Details - ImportResultOutputID=a6cb572154c41a87196513b1e830dc03 DependenciesID=68cf4a863f2e57c31c07ea8d9958839e StaticDependenciesID=c6e5c5a08a5a54b71c4262323b328497 
Number of updated asset objects reloaded before import = 0
Number of asset objects unloaded after import = 0
========================================================================
Received Import Request.
  Time of request: 2026-08-17T07:16:14.936645Z
  Time since last request: 0.0009859 seconds.
  importAddress: GUID: 65bc7dbf4170f435aa868c779acfb082 - Path: Assets/Settings/Mobile_Renderer.asset - Importer: ScriptedImporter/UnityEditor.QuickSearchModule:UnityEditor.Search:ASIAI0B
Importing 'GUID: 65bc7dbf4170f435aa868c779acfb082 - Path: Assets/Settings/Mobile_Renderer.asset - Importer: ScriptedImporter/UnityEditor.QuickSearchModule:UnityEditor.Search:ASIAI0B' with importer (ScriptedImporter : UnityEditor.QuickSearchModule:UnityEditor.Search:ASIAI0B)
Imported 'GUID: 65bc7dbf4170f435aa868c779acfb082' -> (Import Result ID: '09b4705e5b943cae42664a86d4382894') in 0.112 seconds [static and dynamic dependencies]. Details - ImportResultOutputID=55c0a303bdb12c4380d3a1db5b7c0316 DependenciesID=be086b09a250314f5790bd03ae77922b StaticDependenciesID=3a8059ca2d978a85d4f691c8c235b667 
Number of updated asset objects reloaded before import = 0
Number of asset objects unloaded after import = 1
========================================================================
Received Import Request.
  Time of request: 2026-08-17T07:16:15.0923974Z
  Time since last request: 0.0012203 seconds.
  importAddress: GUID: c2a9ff60a2f1fba4ebcfcbc7bbbbddfb - Path: Assets/Images/pill.png - Importer: ScriptedImporter/UnityEditor.QuickSearchModule:UnityEditor.Search:ASIAI0B
Importing 'GUID: c2a9ff60a2f1fba4ebcfcbc7bbbbddfb - Path: Assets/Images/pill.png - Importer: ScriptedImporter/UnityEditor.QuickSearchModule:UnityEditor.Search:ASIAI0B' with importer (ScriptedImporter : UnityEditor.QuickSearchModule:UnityEditor.Search:ASIAI0B)
Imported 'GUID: c2a9ff60a2f1fba4ebcfcbc7bbbbddfb' -> (Import Result ID: 'a1ce536bcaa808941a22ed53a7fbbcce') in 0.024 seconds [static and dynamic dependencies]. Details - ImportResultOutputID=b07ace7b46fffec012a471c42885757c DependenciesID=029fd079bbf819b3e56fe6e041862e42 StaticDependenciesID=9c31bcf044da895cf7b5c02329f4e52b 
Number of updated asset objects reloaded before import = 0
Number of asset objects unloaded after import = 3
========================================================================
Received Import Request.
  Time of request: 2026-08-17T07:16:15.1459611Z
  Time since last request: 0.0006295 seconds.
  importAddress: GUID: 1eb17f09a4a10a54b900c588de51c252 - Path: Assets/Images/scorepanel 2.png - Importer: ScriptedImporter/UnityEditor.QuickSearchModule:UnityEditor.Search:ASIAI0B
Importing 'GUID: 1eb17f09a4a10a54b900c588de51c252 - Path: Assets/Images/scorepanel 2.png - Importer: ScriptedImporter/UnityEditor.QuickSearchModule:UnityEditor.Search:ASIAI0B' with importer (ScriptedImporter : UnityEditor.QuickSearchModule:UnityEditor.Search:ASIAI0B)
Imported 'GUID: 1eb17f09a4a10a54b900c588de51c252' -> (Import Result ID: 'b894a80de4c8948efd60d79b3681113a') in 0.032 seconds [static and dynamic dependencies]. Details - ImportResultOutputID=e306b1455f41e73184e1f47bcb09409b DependenciesID=b3d02cc2ed376a462dd6a61644f805b7 StaticDependenciesID=ef38eb47e9c7caba57060a10f2d2bf1a 
Number of updated asset objects reloaded before import = 0
Number of asset objects unloaded after import = 3
========================================================================
Received Import Request.
  Time of request: 2026-08-17T07:16:15.21424Z
  Time since last request: 0.0008664 seconds.
  importAddress: GUID: 9eed4edb74ffa3d408336f299d40baed - Path: Assets/Images/play.png - Importer: ScriptedImporter/UnityEditor.QuickSearchModule:UnityEditor.Search:ASIAI0B
Importing 'GUID: 9eed4edb74ffa3d408336f299d40baed - Path: Assets/Images/play.png - Importer: ScriptedImporter/UnityEditor.QuickSearchModule:UnityEditor.Search:ASIAI0B' with importer (ScriptedImporter : UnityEditor.QuickSearchModule:UnityEditor.Search:ASIAI0B)
Imported 'GUID: 9eed4edb74ffa3d408336f299d40baed' -> (Import Result ID: '1bf9a9e4ce8279d2d6d8c02a53cc8794') in 0.083 seconds [static and dynamic dependencies]. Details - ImportResultOutputID=d603d929acbdc3f40c132b682eba8439 DependenciesID=1d8fb47031ff207c32ba9a9fa2e40f84 StaticDependenciesID=34b0ec093fe71614c0ce27155a625f7c 
Number of updated asset objects reloaded before import = 0
Number of asset objects unloaded after import = 3
========================================================================
Received Import Request.
  Time of request: 2026-08-17T07:16:15.3506095Z
  Time since last request: 0.0010459 seconds.
  importAddress: GUID: 10fc4df2da32a41aaa32d77bc913491c - Path: Assets/Settings/SampleSceneProfile.asset - Importer: ScriptedImporter/UnityEditor.QuickSearchModule:UnityEditor.Search:ASIAI0B
Importing 'GUID: 10fc4df2da32a41aaa32d77bc913491c - Path: Assets/Settings/SampleSceneProfile.asset - Importer: ScriptedImporter/UnityEditor.QuickSearchModule:UnityEditor.Search:ASIAI0B' with importer (ScriptedImporter : UnityEditor.QuickSearchModule:UnityEditor.Search:ASIAI0B)
Imported 'GUID: 10fc4df2da32a41aaa32d77bc913491c' -> (Import Result ID: 'df181514669b53086736a29fb30c0440') in 0.012 seconds [static and dynamic dependencies]. Details - ImportResultOutputID=a06e9793392900b1e4cbb798602160aa DependenciesID=c85244ed4510d57eed409d9035913e3c StaticDependenciesID=856dcbb0fb4020f12af6672b03002d02 
Number of updated asset objects reloaded before import = 0
Number of asset objects unloaded after import = 1
========================================================================
Received Import Request.
  Time of request: 2026-08-17T07:16:15.3995964Z
  Time since last request: 0.0006778 seconds.
  importAddress: GUID: 33e4a93bc8c46be4fb55d77b06d7f5cc - Path: Assets/Images/-10Timer.png - Importer: ScriptedImporter/UnityEditor.QuickSearchModule:UnityEditor.Search:ASIAI0B
Importing 'GUID: 33e4a93bc8c46be4fb55d77b06d7f5cc - Path: Assets/Images/-10Timer.png - Importer: ScriptedImporter/UnityEditor.QuickSearchModule:UnityEditor.Search:ASIAI0B' with importer (ScriptedImporter : UnityEditor.QuickSearchModule:UnityEditor.Search:ASIAI0B)
Imported 'GUID: 33e4a93bc8c46be4fb55d77b06d7f5cc' -> (Import Result ID: 'e72daddcead421eb47ab3c3e6f5bafbf') in 0.029 seconds [static and dynamic dependencies]. Details - ImportResultOutputID=aba6052f162532ad5b60bccba619275b DependenciesID=cfe8b2bbc21b64e4f5b0fa8d4957465d StaticDependenciesID=36309df6b53fa51f86f6151157dda750 
Number of updated asset objects reloaded before import = 0
Number of asset objects unloaded after import = 3
========================================================================
Received Import Request.
  Time of request: 2026-08-17T07:16:15.4773603Z
  Time since last request: 0.0006947 seconds.
  importAddress: GUID: 6d3afdf9127d5464f926984c57a9b954 - Path: Assets/Scripts/CountDown.cs - Importer: ScriptedImporter/UnityEditor.QuickSearchModule:UnityEditor.Search:ASIAI0B
Importing 'GUID: 6d3afdf9127d5464f926984c57a9b954 - Path: Assets/Scripts/CountDown.cs - Importer: ScriptedImporter/UnityEditor.QuickSearchModule:UnityEditor.Search:ASIAI0B' with importer (ScriptedImporter : UnityEditor.QuickSearchModule:UnityEditor.Search:ASIAI0B)
Imported 'GUID: 6d3afdf9127d5464f926984c57a9b954' -> (Import Result ID: '2bc7f5700efc21b7883ac4aa434ea752') in 0.050 seconds [static and dynamic dependencies]. Details - ImportResultOutputID=69c7e6d5e9d5b2c517d885ec5a7707bf DependenciesID=ab4d6a43c31e9aa301cb5d44c33de909 StaticDependenciesID=f022aee9f67b1bf2dc9638c25d239ba6 
Number of updated asset objects reloaded before import = 0
Number of asset objects unloaded after import = 0
========================================================================
Received Import Request.
  Time of request: 2026-08-17T07:16:15.5736173Z
  Time since last request: 0.000803 seconds.
  importAddress: GUID: 3e532ebf0ef91f94ab6d6f4c14fb9887 - Path: Assets/Scenes/New Render Texture.renderTexture - Importer: ScriptedImporter/UnityEditor.QuickSearchModule:UnityEditor.Search:ASIAI0B
Importing 'GUID: 3e532ebf0ef91f94ab6d6f4c14fb9887 - Path: Assets/Scenes/New Render Texture.renderTexture - Importer: ScriptedImporter/UnityEditor.QuickSearchModule:UnityEditor.Search:ASIAI0B' with importer (ScriptedImporter : UnityEditor.QuickSearchModule:UnityEditor.Search:ASIAI0B)
Imported 'GUID: 3e532ebf0ef91f94ab6d6f4c14fb9887' -> (Import Result ID: '085cc01e6b913bfdb21774f8edae866a') in 0.064 seconds [static and dynamic dependencies]. Details - ImportResultOutputID=5ffd1cd827d7fb5653066ccc7b6c285c DependenciesID=73cd625a6e3c33aa79107ac6e5f3a39e StaticDependenciesID=fdc0ec99ba05575344ed4abbd6bf0920 
Number of updated asset objects reloaded before import = 0
Number of asset objects unloaded after import = 1
========================================================================
Received Import Request.
  Time of request: 2026-08-17T07:16:15.6889003Z
  Time since last request: 0.0006386 seconds.
  importAddress: GUID: 052faaac586de48259a63d0c4782560b - Path: Assets/InputSystem_Actions.inputactions - Importer: ScriptedImporter/UnityEditor.QuickSearchModule:UnityEditor.Search:ASIAI0B
Importing 'GUID: 052faaac586de48259a63d0c4782560b - Path: Assets/InputSystem_Actions.inputactions - Importer: ScriptedImporter/UnityEditor.QuickSearchModule:UnityEditor.Search:ASIAI0B' with importer (ScriptedImporter : UnityEditor.QuickSearchModule:UnityEditor.Search:ASIAI0B)
Imported 'GUID: 052faaac586de48259a63d0c4782560b' -> (Import Result ID: '10338e60fc8ad81e0a8e73b41c6066de') in 0.484 seconds [static and dynamic dependencies]. Details - ImportResultOutputID=b5ad4d58b14ba1fd9bd8856d070ee1d9 DependenciesID=552f6507a190fa7e4b4932154c020d44 StaticDependenciesID=79a88ef6f68a15aa257613f12cac5789 
Number of updated asset objects reloaded before import = 0
Number of asset objects unloaded after import = 22
========================================================================
Received Import Request.
  Time of request: 2026-08-17T07:16:16.2113311Z
  Time since last request: 0.0006162 seconds.
  importAddress: GUID: 9fca099181031f24895c9d5af4ff743b - Path: Assets/test.cs - Importer: ScriptedImporter/UnityEditor.QuickSearchModule:UnityEditor.Search:ASIAI0B
Importing 'GUID: 9fca099181031f24895c9d5af4ff743b - Path: Assets/test.cs - Importer: ScriptedImporter/UnityEditor.QuickSearchModule:UnityEditor.Search:ASIAI0B' with importer (ScriptedImporter : UnityEditor.QuickSearchModule:UnityEditor.Search:ASIAI0B)
Imported 'GUID: 9fca099181031f24895c9d5af4ff743b' -> (Import Result ID: '6b71ca666ed40b620847a3c2770c17e1') in 0.009 seconds [static and dynamic dependencies]. Details - ImportResultOutputID=2e00c62d9607ce66ff9eff43ce3340d5 DependenciesID=7578ad668b1da029e29612bc2dd45a49 StaticDependenciesID=5612f166328041995330e8a740ef4e7c 
Number of updated asset objects reloaded before import = 0
Number of asset objects unloaded after import = 0
========================================================================
Received Import Request.
  Time of request: 2026-08-17T07:16:16.2484038Z
  Time since last request: 0.0004134 seconds.
  importAddress: GUID: 94bcfcded70c41e4e94edbd8ce96c1cf - Path: Assets/KinectView/MainSceneSettings.lighting - Importer: ScriptedImporter/UnityEditor.QuickSearchModule:UnityEditor.Search:ASIAI0B
Importing 'GUID: 94bcfcded70c41e4e94edbd8ce96c1cf - Path: Assets/KinectView/MainSceneSettings.lighting - Importer: ScriptedImporter/UnityEditor.QuickSearchModule:UnityEditor.Search:ASIAI0B' with importer (ScriptedImporter : UnityEditor.QuickSearchModule:UnityEditor.Search:ASIAI0B)
LightingSettings: switching bake backend from 2 to 1.
Imported 'GUID: 94bcfcded70c41e4e94edbd8ce96c1cf' -> (Import Result ID: '390bb2ceec71e2a07b1de408a0d1a8f6') in 0.037 seconds [static and dynamic dependencies]. Details - ImportResultOutputID=ee40db50ff64d6e332bdb537e9143882 DependenciesID=0ef835461e14601b507ef5f1864fc2f7 StaticDependenciesID=a35fd5c317b4a365be1d38307784b68b 
Number of updated asset objects reloaded before import = 0
Number of asset objects unloaded after import = 1
========================================================================
Received Import Request.
  Time of request: 2026-08-17T07:16:16.3126268Z
  Time since last request: 0.0005814 seconds.
  importAddress: GUID: b1ac4928c00dc5246a5a4b54455afec5 - Path: Assets/Images/bomb.png - Importer: ScriptedImporter/UnityEditor.QuickSearchModule:UnityEditor.Search:ASIAI0B
Importing 'GUID: b1ac4928c00dc5246a5a4b54455afec5 - Path: Assets/Images/bomb.png - Importer: ScriptedImporter/UnityEditor.QuickSearchModule:UnityEditor.Search:ASIAI0B' with importer (ScriptedImporter : UnityEditor.QuickSearchModule:UnityEditor.Search:ASIAI0B)
Imported 'GUID: b1ac4928c00dc5246a5a4b54455afec5' -> (Import Result ID: '9830107d71b7e6d16a7a643592cb7764') in 0.026 seconds [static and dynamic dependencies]. Details - ImportResultOutputID=1aabd1236a47101315e44bbe9d72648a DependenciesID=ecc97d85a0ba1f9e2c37b7241c3aeeb6 StaticDependenciesID=31f01692a673cbdaed4dd6335f8b511a 
Number of updated asset objects reloaded before import = 0
Number of asset objects unloaded after import = 3
========================================================================
Received Import Request.
  Time of request: 2026-08-17T07:16:16.3672901Z
  Time since last request: 0.0001252 seconds.
  importAddress: GUID: 5a9e3d79d0c8f82419d044fb28dd8e26 - Path: Assets/Images/scorepanel.png - Importer: ScriptedImporter/UnityEditor.QuickSearchModule:UnityEditor.Search:ASIAI0B
Importing 'GUID: 5a9e3d79d0c8f82419d044fb28dd8e26 - Path: Assets/Images/scorepanel.png - Importer: ScriptedImporter/UnityEditor.QuickSearchModule:UnityEditor.Search:ASIAI0B' with importer (ScriptedImporter : UnityEditor.QuickSearchModule:UnityEditor.Search:ASIAI0B)
Imported 'GUID: 5a9e3d79d0c8f82419d044fb28dd8e26' -> (Import Result ID: 'b832e7aaa142a19d832808233bfa0b58') in 0.023 seconds [static and dynamic dependencies]. Details - ImportResultOutputID=1239eaff016cc8301a19db8f84d99f96 DependenciesID=609b5d4b1a5b6e2a2ef9387ead5bd7aa StaticDependenciesID=ca0966bcbdd14191aefa0e924cba8f03 
Number of updated asset objects reloaded before import = 0
Number of asset objects unloaded after import = 3
========================================================================
Received Import Request.
  Time of request: 2026-08-17T07:16:16.4155484Z
  Time since last request: 0.0004316 seconds.
  importAddress: GUID: 89b3627075e5c2940a0c5dfc3ae1403c - Path: Assets/Images/timer.png - Importer: ScriptedImporter/UnityEditor.QuickSearchModule:UnityEditor.Search:ASIAI0B
Importing 'GUID: 89b3627075e5c2940a0c5dfc3ae1403c - Path: Assets/Images/timer.png - Importer: ScriptedImporter/UnityEditor.QuickSearchModule:UnityEditor.Search:ASIAI0B' with importer (ScriptedImporter : UnityEditor.QuickSearchModule:UnityEditor.Search:ASIAI0B)
Imported 'GUID: 89b3627075e5c2940a0c5dfc3ae1403c' -> (Import Result ID: '089b9714ed809c9d5d41f27a3d691f3e') in 0.025 seconds [static and dynamic dependencies]. Details - ImportResultOutputID=c5ee011847159cb761b6621a93019088 DependenciesID=87a676e6173e814a67268439aca40f26 StaticDependenciesID=82d7ee92092e5f0353d8480eae5d8a7d 
Number of updated asset objects reloaded before import = 0
Number of asset objects unloaded after import = 3
========================================================================
Received Import Request.
  Time of request: 2026-08-17T07:16:16.4743414Z
  Time since last request: 0.0000529 seconds.
  importAddress: GUID: b371134fd8386e341ae52af75679719a - Path: Assets/Scenes/Hospital.unity - Importer: ScriptedImporter/UnityEditor.QuickSearchModule:UnityEditor.Search:ASIAI0B
Importing 'GUID: b371134fd8386e341ae52af75679719a - Path: Assets/Scenes/Hospital.unity - Importer: ScriptedImporter/UnityEditor.QuickSearchModule:UnityEditor.Search:ASIAI0B' with importer (ScriptedImporter : UnityEditor.QuickSearchModule:UnityEditor.Search:ASIAI0B)
Imported 'GUID: b371134fd8386e341ae52af75679719a' -> (Import Result ID: '8909a5cf3828f09237d3ff73f8f8802f') in 0.168 seconds [static and dynamic dependencies]. Details - ImportResultOutputID=ed387fa2515b9236085778caf36c51a3 DependenciesID=d263dda97ae5ca12ebeac0f0e1c963f1 StaticDependenciesID=32be7f2c6b3214ab78497471a877f392 
Number of updated asset objects reloaded before import = 0
Number of asset objects unloaded after import = 1
========================================================================
Received Import Request.
  Time of request: 2026-08-17T07:16:16.6798494Z
  Time since last request: 0.0010754 seconds.
  importAddress: GUID: 99c9720ab356a0642a771bea13969a05 - Path: Assets/Scenes/SampleScene.unity - Importer: ScriptedImporter/UnityEditor.QuickSearchModule:UnityEditor.Search:ASIAI0B
Importing 'GUID: 99c9720ab356a0642a771bea13969a05 - Path: Assets/Scenes/SampleScene.unity - Importer: ScriptedImporter/UnityEditor.QuickSearchModule:UnityEditor.Search:ASIAI0B' with importer (ScriptedImporter : UnityEditor.QuickSearchModule:UnityEditor.Search:ASIAI0B)
Imported 'GUID: 99c9720ab356a0642a771bea13969a05' -> (Import Result ID: '84f103654280edfcbc78f435fbb5c2b7') in 0.024 seconds [static and dynamic dependencies]. Details - ImportResultOutputID=9903f7f0510fdcb61cd032b854d12c2c DependenciesID=adf4f17736a6cf5ba77ae361cbf3ad6d StaticDependenciesID=a98d8eaa7702b0be90a2473652ff8d01 
Number of updated asset objects reloaded before import = 0
Number of asset objects unloaded after import = 1
========================================================================
Received Import Request.
  Time of request: 2026-08-17T07:16:16.7354013Z
  Time since last request: 0.0005878 seconds.
  importAddress: GUID: d76df131d0f5ec846a5836d0c0232e24 - Path: Assets/Musics/countdown.mp3 - Importer: ScriptedImporter/UnityEditor.QuickSearchModule:UnityEditor.Search:ASIAI0B
Importing 'GUID: d76df131d0f5ec846a5836d0c0232e24 - Path: Assets/Musics/countdown.mp3 - Importer: ScriptedImporter/UnityEditor.QuickSearchModule:UnityEditor.Search:ASIAI0B' with importer (ScriptedImporter : UnityEditor.QuickSearchModule:UnityEditor.Search:ASIAI0B)
Imported 'GUID: d76df131d0f5ec846a5836d0c0232e24' -> (Import Result ID: '0b00873c63442cb0356ae1e3285fd2e0') in 0.012 seconds [static and dynamic dependencies]. Details - ImportResultOutputID=9188f49124a690c91bb7f159ab62e7f4 DependenciesID=374f38c1f2c77e7fc937a1481afb35fe StaticDependenciesID=14114dc61195e540e5c5e37891253061 
Number of updated asset objects reloaded before import = 0
Number of asset objects unloaded after import = 1
========================================================================
Received Import Request.
  Time of request: 2026-08-17T07:16:16.7796812Z
  Time since last request: 0.0011132 seconds.
  importAddress: GUID: 5e6cbd92db86f4b18aec3ed561671858 - Path: Assets/Settings/Mobile_RPAsset.asset - Importer: ScriptedImporter/UnityEditor.QuickSearchModule:UnityEditor.Search:ASIAI0B
Importing 'GUID: 5e6cbd92db86f4b18aec3ed561671858 - Path: Assets/Settings/Mobile_RPAsset.asset - Importer: ScriptedImporter/UnityEditor.QuickSearchModule:UnityEditor.Search:ASIAI0B' with importer (ScriptedImporter : UnityEditor.QuickSearchModule:UnityEditor.Search:ASIAI0B)
Imported 'GUID: 5e6cbd92db86f4b18aec3ed561671858' -> (Import Result ID: '275a40a98a9086fed760eb60631fd099') in 0.126 seconds [static and dynamic dependencies]. Details - ImportResultOutputID=641dd9abed94fe0c33ab0a609f5d08bf DependenciesID=39a6dcc12bda39d3e0bff15d54f94828 StaticDependenciesID=885eb1eb23a6df9e469ecd58ef6c2f7b 
Number of updated asset objects reloaded before import = 0
Number of asset objects unloaded after import = 2
========================================================================
Received Import Request.
  Time of request: 2026-08-17T07:16:16.9444015Z
  Time since last request: 0.00063 seconds.
  importAddress: GUID: 010db25b57d940546a60549c96171b70 - Path: Assets/Standard Assets/INativeWrapper.cs - Importer: ScriptedImporter/UnityEditor.QuickSearchModule:UnityEditor.Search:ASIAI0B
Importing 'GUID: 010db25b57d940546a60549c96171b70 - Path: Assets/Standard Assets/INativeWrapper.cs - Importer: ScriptedImporter/UnityEditor.QuickSearchModule:UnityEditor.Search:ASIAI0B' with importer (ScriptedImporter : UnityEditor.QuickSearchModule:UnityEditor.Search:ASIAI0B)
Imported 'GUID: 010db25b57d940546a60549c96171b70' -> (Import Result ID: '929ed80c69b083aa06a3440ea801adc6') in 0.007 seconds [static and dynamic dependencies]. Details - ImportResultOutputID=2fc9895934145cf232d56d2751028a04 DependenciesID=ec45b774eb100c0068756f0eb8a187ca StaticDependenciesID=f6f5d94d401a6c39551602e39bf294fa 
Number of updated asset objects reloaded before import = 0
Number of asset objects unloaded after import = 0
========================================================================
Received Import Request.
  Time of request: 2026-08-17T07:16:16.9766311Z
  Time since last request: 0.0009239 seconds.
  importAddress: GUID: 0cf8b3ef00bfb5640b33372e4b24905e - Path: Assets/timer.psd - Importer: ScriptedImporter/UnityEditor.QuickSearchModule:UnityEditor.Search:ASIAI0B
Importing 'GUID: 0cf8b3ef00bfb5640b33372e4b24905e - Path: Assets/timer.psd - Importer: ScriptedImporter/UnityEditor.QuickSearchModule:UnityEditor.Search:ASIAI0B' with importer (ScriptedImporter : UnityEditor.QuickSearchModule:UnityEditor.Search:ASIAI0B)
Imported 'GUID: 0cf8b3ef00bfb5640b33372e4b24905e' -> (Import Result ID: '8d080181286ddf1009346fcdba5aa93f') in 0.026 seconds [static and dynamic dependencies]. Details - ImportResultOutputID=b39e67a050d8949a5fad3150a54efdee DependenciesID=3e829a189ccecaf109db11e2fc692f79 StaticDependenciesID=05e6875c1c76ab1b35e31d69a6da5148 
Number of updated asset objects reloaded before import = 0
Number of asset objects unloaded after import = 1
========================================================================
Received Import Request.
  Time of request: 2026-08-17T07:16:17.0295877Z
  Time since last request: 0.000647 seconds.
  importAddress: GUID: 02ee7bfecf29a614ea0d4913b8a277c8 - Path: Assets/Images/supercell-magic SDF.asset - Importer: ScriptedImporter/UnityEditor.QuickSearchModule:UnityEditor.Search:ASIAI0B
Importing 'GUID: 02ee7bfecf29a614ea0d4913b8a277c8 - Path: Assets/Images/supercell-magic SDF.asset - Importer: ScriptedImporter/UnityEditor.QuickSearchModule:UnityEditor.Search:ASIAI0B' with importer (ScriptedImporter : UnityEditor.QuickSearchModule:UnityEditor.Search:ASIAI0B)
Imported 'GUID: 02ee7bfecf29a614ea0d4913b8a277c8' -> (Import Result ID: 'd11554147b29084ccadba2e1103038c1') in 0.055 seconds [static and dynamic dependencies]. Details - ImportResultOutputID=0e27f5033f27594ac94b37b5249a2fcc DependenciesID=f49d5dc3e0678a04105c8515d1957ec8 StaticDependenciesID=47105a9638b522cbbafce96d131c529d 
Number of updated asset objects reloaded before import = 0
Number of asset objects unloaded after import = 5
========================================================================
Received Import Request.
  Time of request: 2026-08-17T07:16:17.1301196Z
  Time since last request: 0.0004526 seconds.
  importAddress: GUID: f288ae1f4751b564a96ac7587541f7a2 - Path: Assets/Settings/PC_Renderer.asset - Importer: ScriptedImporter/UnityEditor.QuickSearchModule:UnityEditor.Search:ASIAI0B
Importing 'GUID: f288ae1f4751b564a96ac7587541f7a2 - Path: Assets/Settings/PC_Renderer.asset - Importer: ScriptedImporter/UnityEditor.QuickSearchModule:UnityEditor.Search:ASIAI0B' with importer (ScriptedImporter : UnityEditor.QuickSearchModule:UnityEditor.Search:ASIAI0B)
Imported 'GUID: f288ae1f4751b564a96ac7587541f7a2' -> (Import Result ID: 'd61e94d1675dd2ef9e156d3d3508f6af') in 0.036 seconds [static and dynamic dependencies]. Details - ImportResultOutputID=059e4b2c489cf36c0a78c61ecbaf9543 DependenciesID=94d49d101a9860fa9ed475897772ccd0 StaticDependenciesID=3f324eaa6c19b3468d2282fb4b1c67ad 
Number of updated asset objects reloaded before import = 0
Number of asset objects unloaded after import = 1
========================================================================
Received Import Request.
  Time of request: 2026-08-17T07:16:17.2038487Z
  Time since last request: 0.0018178 seconds.
  importAddress: GUID: 550dadb46e44f98459159635f3a33b28 - Path: Assets/Scripts/Power.cs - Importer: ScriptedImporter/UnityEditor.QuickSearchModule:UnityEditor.Search:ASIAI0B
Importing 'GUID: 550dadb46e44f98459159635f3a33b28 - Path: Assets/Scripts/Power.cs - Importer: ScriptedImporter/UnityEditor.QuickSearchModule:UnityEditor.Search:ASIAI0B' with importer (ScriptedImporter : UnityEditor.QuickSearchModule:UnityEditor.Search:ASIAI0B)
Imported 'GUID: 550dadb46e44f98459159635f3a33b28' -> (Import Result ID: '06b30bbe131fc01470bd4bd06c634d67') in 0.011 seconds [static and dynamic dependencies]. Details - ImportResultOutputID=5089d4709aea1f076bc1f9a36e76ad57 DependenciesID=c64d1a07fd2b78fc0b8b9d577ce2e300 StaticDependenciesID=36d9070dd28a3d364dde8cb07d7f4083 
Number of updated asset objects reloaded before import = 0
Number of asset objects unloaded after import = 0
========================================================================
Received Import Request.
  Time of request: 2026-08-17T07:16:17.2468213Z
  Time since last request: 0.0007626 seconds.
  importAddress: GUID: 52e5f03d8a2b7ff4ca0c64cd7e078609 - Path: Assets/Images/touch.png - Importer: ScriptedImporter/UnityEditor.QuickSearchModule:UnityEditor.Search:ASIAI0B
Importing 'GUID: 52e5f03d8a2b7ff4ca0c64cd7e078609 - Path: Assets/Images/touch.png - Importer: ScriptedImporter/UnityEditor.QuickSearchModule:UnityEditor.Search:ASIAI0B' with importer (ScriptedImporter : UnityEditor.QuickSearchModule:UnityEditor.Search:ASIAI0B)
Imported 'GUID: 52e5f03d8a2b7ff4ca0c64cd7e078609' -> (Import Result ID: '9e814bed52dcfe0f405c9a273f96833b') in 0.021 seconds [static and dynamic dependencies]. Details - ImportResultOutputID=7d7e4c08b23918fea9f596074552c52f DependenciesID=d8a41a93c511044e97b7d965ed0df951 StaticDependenciesID=f990fed4d8b8907f0ddc0184d8b5d8df 
Number of updated asset objects reloaded before import = 0
Number of asset objects unloaded after import = 3
========================================================================
Received Import Request.
  Time of request: 2026-08-17T07:16:17.3013827Z
  Time since last request: 0.0005736 seconds.
  importAddress: GUID: 18dc0cd2c080841dea60987a38ce93fa - Path: Assets/Settings/UniversalRenderPipelineGlobalSettings.asset - Importer: ScriptedImporter/UnityEditor.QuickSearchModule:UnityEditor.Search:ASIAI0B
Importing 'GUID: 18dc0cd2c080841dea60987a38ce93fa - Path: Assets/Settings/UniversalRenderPipelineGlobalSettings.asset - Importer: ScriptedImporter/UnityEditor.QuickSearchModule:UnityEditor.Search:ASIAI0B' with importer (ScriptedImporter : UnityEditor.QuickSearchModule:UnityEditor.Search:ASIAI0B)
Imported 'GUID: 18dc0cd2c080841dea60987a38ce93fa' -> (Import Result ID: '9c911b7742e026a3cf29422450256db2') in 0.046 seconds [static and dynamic dependencies]. Details - ImportResultOutputID=915abf75657ff02defa3e167995cc899 DependenciesID=2899781674cddf03a111f5ba7a68eb13 StaticDependenciesID=8cd51e275383d4e1d50e059cf144c2ee 
Number of updated asset objects reloaded before import = 0
Number of asset objects unloaded after import = 1
========================================================================
Received Import Request.
  Time of request: 2026-08-17T07:16:17.3912806Z
  Time since last request: 0.000758 seconds.
  importAddress: GUID: 4b83569d67af61e458304325a23e5dfd - Path: Assets/Settings/PC_RPAsset.asset - Importer: ScriptedImporter/UnityEditor.QuickSearchModule:UnityEditor.Search:ASIAI0B
Importing 'GUID: 4b83569d67af61e458304325a23e5dfd - Path: Assets/Settings/PC_RPAsset.asset - Importer: ScriptedImporter/UnityEditor.QuickSearchModule:UnityEditor.Search:ASIAI0B' with importer (ScriptedImporter : UnityEditor.QuickSearchModule:UnityEditor.Search:ASIAI0B)
Imported 'GUID: 4b83569d67af61e458304325a23e5dfd' -> (Import Result ID: '4b53c095a3495b2f7e5a951f7f654583') in 0.027 seconds [static and dynamic dependencies]. Details - ImportResultOutputID=0781e6b67b51b39b4eacd8b75ac290ad DependenciesID=b6e681b9a7f4d58b0ac8ab75946930ff StaticDependenciesID=f1b5865c51ce2c9998343aacf6aaaa44 
Number of updated asset objects reloaded before import = 0
Number of asset objects unloaded after import = 1
========================================================================
Received Import Request.
  Time of request: 2026-08-17T07:16:17.4479618Z
  Time since last request: 0.0005642 seconds.
  importAddress: GUID: d44131e1d1e7aaa41a9d5fedeb492516 - Path: Assets/Animator/runner.controller - Importer: ScriptedImporter/UnityEditor.QuickSearchModule:UnityEditor.Search:ASIAI0B
Importing 'GUID: d44131e1d1e7aaa41a9d5fedeb492516 - Path: Assets/Animator/runner.controller - Importer: ScriptedImporter/UnityEditor.QuickSearchModule:UnityEditor.Search:ASIAI0B' with importer (ScriptedImporter : UnityEditor.QuickSearchModule:UnityEditor.Search:ASIAI0B)
Imported 'GUID: d44131e1d1e7aaa41a9d5fedeb492516' -> (Import Result ID: '158353e5cc095f6f407ee4ec15fc5545') in 0.020 seconds [static and dynamic dependencies]. Details - ImportResultOutputID=dc80c33a82bd8c466f31aa1a5e24c614 DependenciesID=30b4b3219e5296ba4e6ca4f8a8384c8e StaticDependenciesID=b6e8f8b389c64a4b0ea73d442a0e8863 
Number of updated asset objects reloaded before import = 0
Number of asset objects unloaded after import = 4
========================================================================
Received Import Request.
  Time of request: 2026-08-17T07:16:17.5120647Z
  Time since last request: 0.0003786 seconds.
  importAddress: GUID: c09e9a46b656e6a49bd5adecaa09f9e0 - Path: Assets/Musics/bgm.mp3 - Importer: ScriptedImporter/UnityEditor.QuickSearchModule:UnityEditor.Search:ASIAI0B
Importing 'GUID: c09e9a46b656e6a49bd5adecaa09f9e0 - Path: Assets/Musics/bgm.mp3 - Importer: ScriptedImporter/UnityEditor.QuickSearchModule:UnityEditor.Search:ASIAI0B' with importer (ScriptedImporter : UnityEditor.QuickSearchModule:UnityEditor.Search:ASIAI0B)
Imported 'GUID: c09e9a46b656e6a49bd5adecaa09f9e0' -> (Import Result ID: '5f47255158ec67a3d9db1907f99ac939') in 0.012 seconds [static and dynamic dependencies]. Details - ImportResultOutputID=fe4653f68cb7a88bfb555244391036c5 DependenciesID=056f7cac2407741af94c1e914a1f7847 StaticDependenciesID=c602b2c358543475dfef19943e36cfa4 
Number of updated asset objects reloaded before import = 0
Number of asset objects unloaded after import = 1
========================================================================
Received Import Request.
  Time of request: 2026-08-17T07:16:17.5648151Z
  Time since last request: 0.0008686 seconds.
  importAddress: GUID: 818ae747f85bd9c4eab23503a085d378 - Path: Assets/Images/Asset 2bone.png - Importer: ScriptedImporter/UnityEditor.QuickSearchModule:UnityEditor.Search:ASIAI0B
Importing 'GUID: 818ae747f85bd9c4eab23503a085d378 - Path: Assets/Images/Asset 2bone.png - Importer: ScriptedImporter/UnityEditor.QuickSearchModule:UnityEditor.Search:ASIAI0B' with importer (ScriptedImporter : UnityEditor.QuickSearchModule:UnityEditor.Search:ASIAI0B)
Imported 'GUID: 818ae747f85bd9c4eab23503a085d378' -> (Import Result ID: '7d231b04e94f39738eab27ed50eb73a1') in 0.024 seconds [static and dynamic dependencies]. Details - ImportResultOutputID=a4548f827502f7f139f397ab971e3da8 DependenciesID=7ba068e790aa803febc6cf89787534f9 StaticDependenciesID=5638b357275361037ff3df6a5df1d35b 
Number of updated asset objects reloaded before import = 0
Number of asset objects unloaded after import = 3
========================================================================
Received Import Request.
  Time of request: 2026-08-17T07:16:17.620927Z
  Time since last request: 0.0006445 seconds.
  importAddress: GUID: 72410d052c4babe489546e370b083647 - Path: Assets/Trigger2d.cs - Importer: ScriptedImporter/UnityEditor.QuickSearchModule:UnityEditor.Search:ASIAI0B
Importing 'GUID: 72410d052c4babe489546e370b083647 - Path: Assets/Trigger2d.cs - Importer: ScriptedImporter/UnityEditor.QuickSearchModule:UnityEditor.Search:ASIAI0B' with importer (ScriptedImporter : UnityEditor.QuickSearchModule:UnityEditor.Search:ASIAI0B)
Imported 'GUID: 72410d052c4babe489546e370b083647' -> (Import Result ID: 'e742d5b09414f1e4681228f867476f32') in 0.018 seconds [static and dynamic dependencies]. Details - ImportResultOutputID=58638d024f39157389660a5d6efc5f59 DependenciesID=53849c6339cced09956ea1ed119da893 StaticDependenciesID=440473b3109af2dff9114e69e9349581 
Number of updated asset objects reloaded before import = 0
Number of asset objects unloaded after import = 0
========================================================================
Received Import Request.
  Time of request: 2026-08-17T07:16:17.6812333Z
  Time since last request: 0.002555 seconds.
  importAddress: GUID: ebff2e13d9dc5e2419c8a17575b7953c - Path: Assets/Musics/jump_1_c.wav - Importer: ScriptedImporter/UnityEditor.QuickSearchModule:UnityEditor.Search:ASIAI0B
Importing 'GUID: ebff2e13d9dc5e2419c8a17575b7953c - Path: Assets/Musics/jump_1_c.wav - Importer: ScriptedImporter/UnityEditor.QuickSearchModule:UnityEditor.Search:ASIAI0B' with importer (ScriptedImporter : UnityEditor.QuickSearchModule:UnityEditor.Search:ASIAI0B)
Imported 'GUID: ebff2e13d9dc5e2419c8a17575b7953c' -> (Import Result ID: 'a6374500ea1b3d4261d685e07db6d0ea') in 0.023 seconds [static and dynamic dependencies]. Details - ImportResultOutputID=676df955e4cef3b8fdce7e67bfd16fd6 DependenciesID=8ce1ed61b09c010452cd26bf4b1cbb9e StaticDependenciesID=4f548ed5a99215929cdbba71bcf4cfc8 
Number of updated asset objects reloaded before import = 0
Number of asset objects unloaded after import = 1
========================================================================
Received Import Request.
  Time of request: 2026-08-17T07:16:17.7480845Z
  Time since last request: 0.001514 seconds.
  importAddress: GUID: ac495c2e8ec996e4e875b6821bcb8ce0 - Path: Assets/Scripts/GameB.cs - Importer: ScriptedImporter/UnityEditor.QuickSearchModule:UnityEditor.Search:ASIAI0B
Importing 'GUID: ac495c2e8ec996e4e875b6821bcb8ce0 - Path: Assets/Scripts/GameB.cs - Importer: ScriptedImporter/UnityEditor.QuickSearchModule:UnityEditor.Search:ASIAI0B' with importer (ScriptedImporter : UnityEditor.QuickSearchModule:UnityEditor.Search:ASIAI0B)
Imported 'GUID: ac495c2e8ec996e4e875b6821bcb8ce0' -> (Import Result ID: '588ba3527e8fbcecd8ffbf23a97c18ec') in 0.011 seconds [static and dynamic dependencies]. Details - ImportResultOutputID=838798dab6770b0868109a4ea4259543 DependenciesID=6d31def9b5886edc3370cbbb5af1628d StaticDependenciesID=bfceab7a3e3ec66f1288db852c43e48a 
Number of updated asset objects reloaded before import = 0
Number of asset objects unloaded after import = 0
========================================================================
Received Import Request.
  Time of request: 2026-08-17T07:16:17.7952487Z
  Time since last request: 0.0008176 seconds.
  importAddress: GUID: f7d1d6d77f747d741aa1065173b239d6 - Path: Assets/KinectView/MainScene.unity - Importer: ScriptedImporter/UnityEditor.QuickSearchModule:UnityEditor.Search:ASIAI0B
Importing 'GUID: f7d1d6d77f747d741aa1065173b239d6 - Path: Assets/KinectView/MainScene.unity - Importer: ScriptedImporter/UnityEditor.QuickSearchModule:UnityEditor.Search:ASIAI0B' with importer (ScriptedImporter : UnityEditor.QuickSearchModule:UnityEditor.Search:ASIAI0B)
Imported 'GUID: f7d1d6d77f747d741aa1065173b239d6' -> (Import Result ID: '7d5838bb90a6e96f027c4256fe1da542') in 0.009 seconds [static and dynamic dependencies]. Details - ImportResultOutputID=79d32b6cce1cc7fd15d95f9b7eb71b6d DependenciesID=d96a1d2dabb9a6c44dc8fd8c8666ec9c StaticDependenciesID=2cf041204689008fc328af612445d0a3 
Number of updated asset objects reloaded before import = 0
Number of asset objects unloaded after import = 1
========================================================================
Received Import Request.
  Time of request: 2026-08-17T07:16:17.8350983Z
  Time since last request: 0.000808 seconds.
  importAddress: GUID: 8105016687592461f977c054a80ce2f2 - Path: Assets/Readme.asset - Importer: ScriptedImporter/UnityEditor.QuickSearchModule:UnityEditor.Search:ASIAI0B
Importing 'GUID: 8105016687592461f977c054a80ce2f2 - Path: Assets/Readme.asset - Importer: ScriptedImporter/UnityEditor.QuickSearchModule:UnityEditor.Search:ASIAI0B' with importer (ScriptedImporter : UnityEditor.QuickSearchModule:UnityEditor.Search:ASIAI0B)
Imported 'GUID: 8105016687592461f977c054a80ce2f2' -> (Import Result ID: '9501d9a96bd613d0b8c9524b53056463') in 0.010 seconds [static and dynamic dependencies]. Details - ImportResultOutputID=5f6570c408cd843285a7340aa342af27 DependenciesID=e174d390024d2040ba13858c2fe636a1 StaticDependenciesID=f3968afe6ddb6f879bb3bb9392da2bd4 
Number of updated asset objects reloaded before import = 0
Number of asset objects unloaded after import = 1
========================================================================
Received Import Request.
  Time of request: 2026-08-17T07:16:17.8819384Z
  Time since last request: 0.0007304 seconds.
  importAddress: GUID: 375be1dc3004feb4b96a2bea87e1beec - Path: Assets/Musics/power_1_c.wav - Importer: ScriptedImporter/UnityEditor.QuickSearchModule:UnityEditor.Search:ASIAI0B
Importing 'GUID: 375be1dc3004feb4b96a2bea87e1beec - Path: Assets/Musics/power_1_c.wav - Importer: ScriptedImporter/UnityEditor.QuickSearchModule:UnityEditor.Search:ASIAI0B' with importer (ScriptedImporter : UnityEditor.QuickSearchModule:UnityEditor.Search:ASIAI0B)
Imported 'GUID: 375be1dc3004feb4b96a2bea87e1beec' -> (Import Result ID: 'ad167061d6a87490a7319711719d82d5') in 0.015 seconds [static and dynamic dependencies]. Details - ImportResultOutputID=9abce0400135253b5ec8a583aaa6cd1a DependenciesID=15b7f6322909c13729d7d99f0027913a StaticDependenciesID=0fc2c0192dfa01091f34e25e460057b8 
Number of updated asset objects reloaded before import = 0
Number of asset objects unloaded after import = 1
========================================================================
Received Import Request.
  Time of request: 2026-08-17T07:16:17.9305373Z
  Time since last request: 0.002803 seconds.
  importAddress: GUID: 86085617855511d45b0648e6b62e1584 - Path: Assets/Standard Assets/ExceptionHelper.cs - Importer: ScriptedImporter/UnityEditor.QuickSearchModule:UnityEditor.Search:ASIAI0B
Importing 'GUID: 86085617855511d45b0648e6b62e1584 - Path: Assets/Standard Assets/ExceptionHelper.cs - Importer: ScriptedImporter/UnityEditor.QuickSearchModule:UnityEditor.Search:ASIAI0B' with importer (ScriptedImporter : UnityEditor.QuickSearchModule:UnityEditor.Search:ASIAI0B)
Imported 'GUID: 86085617855511d45b0648e6b62e1584' -> (Import Result ID: '3b97ef04fdb4dfc6c61067385b211444') in 0.009 seconds [static and dynamic dependencies]. Details - ImportResultOutputID=e1001c79ff4476d10030b4caf7798263 DependenciesID=cc5c4babe38720a1ea8eeca125f6e154 StaticDependenciesID=d04c99545bdf4f8f0b931cec929965af 
Number of updated asset objects reloaded before import = 0
Number of asset objects unloaded after import = 0
========================================================================
Received Import Request.
  Time of request: 2026-08-17T07:16:17.9749694Z
  Time since last request: 0.0006397 seconds.
  importAddress: GUID: cc3f028bad63ff144aae84ce0b15f705 - Path: Assets/Images/Asset 1bon.png - Importer: ScriptedImporter/UnityEditor.QuickSearchModule:UnityEditor.Search:ASIAI0B
Importing 'GUID: cc3f028bad63ff144aae84ce0b15f705 - Path: Assets/Images/Asset 1bon.png - Importer: ScriptedImporter/UnityEditor.QuickSearchModule:UnityEditor.Search:ASIAI0B' with importer (ScriptedImporter : UnityEditor.QuickSearchModule:UnityEditor.Search:ASIAI0B)
Imported 'GUID: cc3f028bad63ff144aae84ce0b15f705' -> (Import Result ID: '2cdc879f906e079103c87e7259c34f92') in 0.021 seconds [static and dynamic dependencies]. Details - ImportResultOutputID=4b83a09873b1b97bc0c2da3d983c46bf DependenciesID=e7a7ea0f2a159bf4a2c88f5ccf285d8c StaticDependenciesID=e26986c74417869d92dacf727f57fdfe 
Number of updated asset objects reloaded before import = 0
Number of asset objects unloaded after import = 3
========================================================================
Received Import Request.
  Time of request: 2026-08-17T07:16:18.0224278Z
  Time since last request: 0.0023443 seconds.
  importAddress: GUID: debd3e6b79ccfa7439ef3bc59b8d30e6 - Path: Assets/Standard Assets/EventPump.cs - Importer: ScriptedImporter/UnityEditor.QuickSearchModule:UnityEditor.Search:ASIAI0B
Importing 'GUID: debd3e6b79ccfa7439ef3bc59b8d30e6 - Path: Assets/Standard Assets/EventPump.cs - Importer: ScriptedImporter/UnityEditor.QuickSearchModule:UnityEditor.Search:ASIAI0B' with importer (ScriptedImporter : UnityEditor.QuickSearchModule:UnityEditor.Search:ASIAI0B)
Imported 'GUID: debd3e6b79ccfa7439ef3bc59b8d30e6' -> (Import Result ID: 'c484f738e88de3a6aff1ec73b464b6af') in 0.009 seconds [static and dynamic dependencies]. Details - ImportResultOutputID=76848d11ace446aa0f5a8f6d8c5dd583 DependenciesID=4de2e9273c3ac4492c39694ca6aaaa7b StaticDependenciesID=be96f2bc43ee8b65c01fab2a36a66a2b 
Number of updated asset objects reloaded before import = 0
Number of asset objects unloaded after import = 0
========================================================================
Received Import Request.
  Time of request: 2026-08-17T07:16:18.060829Z
  Time since last request: 0.0005765 seconds.
  importAddress: GUID: ad40883572b3a304197668ccc9b4f1c9 - Path: Assets/Scripts/Player.cs - Importer: ScriptedImporter/UnityEditor.QuickSearchModule:UnityEditor.Search:ASIAI0B
Importing 'GUID: ad40883572b3a304197668ccc9b4f1c9 - Path: Assets/Scripts/Player.cs - Importer: ScriptedImporter/UnityEditor.QuickSearchModule:UnityEditor.Search:ASIAI0B' with importer (ScriptedImporter : UnityEditor.QuickSearchModule:UnityEditor.Search:ASIAI0B)
Imported 'GUID: ad40883572b3a304197668ccc9b4f1c9' -> (Import Result ID: '86c92fa53223bb667f9dd7b92c65f84f') in 0.009 seconds [static and dynamic dependencies]. Details - ImportResultOutputID=dbd69df78a26ec4f20735502bd789566 DependenciesID=f5952c8bb497e1fc46e801fb4b5cb850 StaticDependenciesID=edfdaa2d0a686904227f375ddc87cf65 
Number of updated asset objects reloaded before import = 0
Number of asset objects unloaded after import = 0
========================================================================
Received Import Request.
  Time of request: 2026-08-17T07:16:18.0984626Z
  Time since last request: 0.0009016 seconds.
  importAddress: GUID: 500f5d773bb7e334ea64e42a97787d2e - Path: Assets/Scripts/Obstacle.cs - Importer: ScriptedImporter/UnityEditor.QuickSearchModule:UnityEditor.Search:ASIAI0B
Importing 'GUID: 500f5d773bb7e334ea64e42a97787d2e - Path: Assets/Scripts/Obstacle.cs - Importer: ScriptedImporter/UnityEditor.QuickSearchModule:UnityEditor.Search:ASIAI0B' with importer (ScriptedImporter : UnityEditor.QuickSearchModule:UnityEditor.Search:ASIAI0B)
Imported 'GUID: 500f5d773bb7e334ea64e42a97787d2e' -> (Import Result ID: '6788de087d1c9fd0085abada3703fe31') in 0.008 seconds [static and dynamic dependencies]. Details - ImportResultOutputID=130ed9ecb4e5123b180695511e79dd6b DependenciesID=eff01a49aeac5bb52dfbc4da0f07a91d StaticDependenciesID=7cfa1eb2458efa061c5467cd6a8cf404 
Number of updated asset objects reloaded before import = 0
Number of asset objects unloaded after import = 0
========================================================================
Received Import Request.
  Time of request: 2026-08-17T07:16:18.1409527Z
  Time since last request: 0.0006152 seconds.
  importAddress: GUID: 08e6af5b173f54c4fa7b7b6390029538 - Path: Assets/Scenes/vecteezy_abstract-brick-wall-corridor_2160587.mp4 - Importer: ScriptedImporter/UnityEditor.QuickSearchModule:UnityEditor.Search:ASIAI0B
Importing 'GUID: 08e6af5b173f54c4fa7b7b6390029538 - Path: Assets/Scenes/vecteezy_abstract-brick-wall-corridor_2160587.mp4 - Importer: ScriptedImporter/UnityEditor.QuickSearchModule:UnityEditor.Search:ASIAI0B' with importer (ScriptedImporter : UnityEditor.QuickSearchModule:UnityEditor.Search:ASIAI0B)
Imported 'GUID: 08e6af5b173f54c4fa7b7b6390029538' -> (Import Result ID: 'd07c224e56aeadaa03d5b5997bd3e3fc') in 0.035 seconds [static and dynamic dependencies]. Details - ImportResultOutputID=367136cdb17ec10e5bcdfc5e9dbd4305 DependenciesID=4f2d3e2f762169607b684033bf4c446e StaticDependenciesID=5cf063c372d972c82d15e74a1284c0c4 
Number of updated asset objects reloaded before import = 0
Number of asset objects unloaded after import = 1
========================================================================
Received Import Request.
  Time of request: 2026-08-17T07:16:18.213414Z
  Time since last request: 0.0012675 seconds.
  importAddress: GUID: cd4ac385e0f3d874b926d18e5e8f2aeb - Path: Assets/Resources/DOTweenSettings.asset - Importer: ScriptedImporter/UnityEditor.QuickSearchModule:UnityEditor.Search:ASIAI0B
Importing 'GUID: cd4ac385e0f3d874b926d18e5e8f2aeb - Path: Assets/Resources/DOTweenSettings.asset - Importer: ScriptedImporter/UnityEditor.QuickSearchModule:UnityEditor.Search:ASIAI0B' with importer (ScriptedImporter : UnityEditor.QuickSearchModule:UnityEditor.Search:ASIAI0B)
Imported 'GUID: cd4ac385e0f3d874b926d18e5e8f2aeb' -> (Import Result ID: '76346901ac651a68597b1465b3beab2b') in 0.024 seconds [static and dynamic dependencies]. Details - ImportResultOutputID=e6871a54b209b13c9ce24682424129a2 DependenciesID=a8ac96091c899186e90b87891d330d8b StaticDependenciesID=9b19bbf7f79598d5765b0c248e0121ab 
Number of updated asset objects reloaded before import = 0
Number of asset objects unloaded after import = 1
========================================================================
Received Import Request.
  Time of request: 2026-08-17T07:16:18.2680878Z
  Time since last request: 0.0004822 seconds.
  importAddress: GUID: 1dea65374edac024e91eded3ee24e01a - Path: Assets/Models/Hospital Hallway.fbx - Importer: ScriptedImporter/UnityEditor.QuickSearchModule:UnityEditor.Search:ASIAI0B
Importing 'GUID: 1dea65374edac024e91eded3ee24e01a - Path: Assets/Models/Hospital Hallway.fbx - Importer: ScriptedImporter/UnityEditor.QuickSearchModule:UnityEditor.Search:ASIAI0B' with importer (ScriptedImporter : UnityEditor.QuickSearchModule:UnityEditor.Search:ASIAI0B)
d3d12: upload buffer was too small for the requested resource! Size: 16777216. Requested: 19037704.
d3d12: upload buffer was too small for the requested resource! Size: 19922944. Requested: 57110480.
Imported 'GUID: 1dea65374edac024e91eded3ee24e01a' -> (Import Result ID: '187251cb627dd841cbb8e5ce238c417c') in 2.602 seconds [static and dynamic dependencies]. Details - ImportResultOutputID=d8127149f1e7ba1750c48ec182777d81 DependenciesID=d3ae1bc1d363cb73e3cb189a4eb758b3 StaticDependenciesID=cee24451410eeab93a47b8f90a798d81 
Number of updated asset objects reloaded before import = 0
Number of asset objects unloaded after import = 2827
========================================================================
Received Import Request.
  Time of request: 2026-08-17T07:16:20.9317259Z
  Time since last request: 0.0000562 seconds.
  importAddress: GUID: 926c52fb6258d1d4cabf8837cc5e3aef - Path: Assets/Materials/Bilboard.mat - Importer: ScriptedImporter/UnityEditor.QuickSearchModule:UnityEditor.Search:ASIAI0B
Importing 'GUID: 926c52fb6258d1d4cabf8837cc5e3aef - Path: Assets/Materials/Bilboard.mat - Importer: ScriptedImporter/UnityEditor.QuickSearchModule:UnityEditor.Search:ASIAI0B' with importer (ScriptedImporter : UnityEditor.QuickSearchModule:UnityEditor.Search:ASIAI0B)
Imported 'GUID: 926c52fb6258d1d4cabf8837cc5e3aef' -> (Import Result ID: 'e4cccd375e86221e7b6827c70504124e') in 0.020 seconds [static and dynamic dependencies]. Details - ImportResultOutputID=4d413ebbff83fa2152da98e917974d73 DependenciesID=000c350ea0797b77de84b97d5af5dc51 StaticDependenciesID=7d6df31a037c84d6a7e498cb9e844910 
Number of updated asset objects reloaded before import = 0
Number of asset objects unloaded after import = 3
========================================================================
Received Import Request.
  Time of request: 2026-08-17T07:16:20.9931031Z
  Time since last request: 0.0073399 seconds.
  importAddress: GUID: adc912eeb5de2014f9ca670eca6ac808 - Path: Assets/Standard Assets/SmartGCHandle.cs - Importer: ScriptedImporter/UnityEditor.QuickSearchModule:UnityEditor.Search:ASIAI0B
Importing 'GUID: adc912eeb5de2014f9ca670eca6ac808 - Path: Assets/Standard Assets/SmartGCHandle.cs - Importer: ScriptedImporter/UnityEditor.QuickSearchModule:UnityEditor.Search:ASIAI0B' with importer (ScriptedImporter : UnityEditor.QuickSearchModule:UnityEditor.Search:ASIAI0B)
Imported 'GUID: adc912eeb5de2014f9ca670eca6ac808' -> (Import Result ID: '67837c6e6665ea917d9309bed1eede94') in 0.011 seconds [static and dynamic dependencies]. Details - ImportResultOutputID=8936c194a83bfc7fd55d9cf010970190 DependenciesID=d38d0b6dd853a22c4d02bb6e94b0c195 StaticDependenciesID=9eb903f8367d19a3308f30f33ebf2615 
Number of updated asset objects reloaded before import = 0
Number of asset objects unloaded after import = 0
========================================================================
Received Import Request.
  Time of request: 2026-08-17T07:16:21.0344084Z
  Time since last request: 0.0007759 seconds.
  importAddress: GUID: b31ad795626855f41842734c10d2a41f - Path: Assets/Standard Assets/ThreadSafeDictionary.cs - Importer: ScriptedImporter/UnityEditor.QuickSearchModule:UnityEditor.Search:ASIAI0B
Importing 'GUID: b31ad795626855f41842734c10d2a41f - Path: Assets/Standard Assets/ThreadSafeDictionary.cs - Importer: ScriptedImporter/UnityEditor.QuickSearchModule:UnityEditor.Search:ASIAI0B' with importer (ScriptedImporter : UnityEditor.QuickSearchModule:UnityEditor.Search:ASIAI0B)
Imported 'GUID: b31ad795626855f41842734c10d2a41f' -> (Import Result ID: '9f55541cbcba4085e6dc18a175befaf4') in 0.009 seconds [static and dynamic dependencies]. Details - ImportResultOutputID=bd9fac7fbb4db797abcdb02a3b530ddc DependenciesID=053f383f773de274edd735b609b544cd StaticDependenciesID=fd31e969fd7e33daa9698d6aa9e45c66 
Number of updated asset objects reloaded before import = 0
Number of asset objects unloaded after import = 0
========================================================================
Received Import Request.
  Time of request: 2026-08-17T07:16:21.0736944Z
  Time since last request: 0.0016408 seconds.
  importAddress: GUID: eabc9546105bf4accac1fd62a63e88e6 - Path: Assets/TutorialInfo/Layout.wlt - Importer: ScriptedImporter/UnityEditor.QuickSearchModule:UnityEditor.Search:ASIAI0B
Importing 'GUID: eabc9546105bf4accac1fd62a63e88e6 - Path: Assets/TutorialInfo/Layout.wlt - Importer: ScriptedImporter/UnityEditor.QuickSearchModule:UnityEditor.Search:ASIAI0B' with importer (ScriptedImporter : UnityEditor.QuickSearchModule:UnityEditor.Search:ASIAI0B)
Imported 'GUID: eabc9546105bf4accac1fd62a63e88e6' -> (Import Result ID: 'b927a25d14a664d31aa9c8b8730f5a9b') in 0.011 seconds [static and dynamic dependencies]. Details - ImportResultOutputID=b7871239ed961fe78308eec2b8ac91ab DependenciesID=8a7dfe9b82fa47c641a06880c806235a StaticDependenciesID=10f12db4a2c7da149917f73ce4b4bee3 
Number of updated asset objects reloaded before import = 0
Number of asset objects unloaded after import = 1
========================================================================
Received Import Request.
  Time of request: 2026-08-17T07:16:21.1164348Z
  Time since last request: 0.0019794 seconds.
  importAddress: GUID: 124c112a6e8f1a54e8b0870e881b56d8 - Path: Assets/TextMesh Pro/Shaders/TMP_SDF-URP Unlit.shadergraph - Importer: ScriptedImporter/UnityEditor.QuickSearchModule:UnityEditor.Search:ASIAI0B
Importing 'GUID: 124c112a6e8f1a54e8b0870e881b56d8 - Path: Assets/TextMesh Pro/Shaders/TMP_SDF-URP Unlit.shadergraph - Importer: ScriptedImporter/UnityEditor.QuickSearchModule:UnityEditor.Search:ASIAI0B' with importer (ScriptedImporter : UnityEditor.QuickSearchModule:UnityEditor.Search:ASIAI0B)
Imported 'GUID: 124c112a6e8f1a54e8b0870e881b56d8' -> (Import Result ID: '23d6db7b8312fa10daca8752944e2813') in 0.052 seconds [static and dynamic dependencies]. Details - ImportResultOutputID=180a05e1c5d3f7a37a62e49e065deae8 DependenciesID=dd3cd833c130f0ebbafb8cae1b1dd78d StaticDependenciesID=54e35d61327557b6098fc14575a158b8 
Number of updated asset objects reloaded before import = 0
Number of asset objects unloaded after import = 5
========================================================================
Received Import Request.
  Time of request: 2026-08-17T07:16:21.1976288Z
  Time since last request: 0.0002944 seconds.
  importAddress: GUID: 8821130411451d343a1488e2a9db134e - Path: Assets/KinectView/Scripts/BodySourceView.cs - Importer: ScriptedImporter/UnityEditor.QuickSearchModule:UnityEditor.Search:ASIAI0B
Importing 'GUID: 8821130411451d343a1488e2a9db134e - Path: Assets/KinectView/Scripts/BodySourceView.cs - Importer: ScriptedImporter/UnityEditor.QuickSearchModule:UnityEditor.Search:ASIAI0B' with importer (ScriptedImporter : UnityEditor.QuickSearchModule:UnityEditor.Search:ASIAI0B)
Imported 'GUID: 8821130411451d343a1488e2a9db134e' -> (Import Result ID: '42f6fe3950fbe7bce829ee2fc7e72951') in 0.007 seconds [static and dynamic dependencies]. Details - ImportResultOutputID=76586020cb51c5da2c3b6361338ee440 DependenciesID=2b53b6773ae1ccde4207d8276ee2af86 StaticDependenciesID=253c305ea9a2010805456ed7763a7739 
Number of updated asset objects reloaded before import = 0
Number of asset objects unloaded after import = 0
========================================================================
Received Import Request.
  Time of request: 2026-08-17T07:16:21.2526612Z
  Time since last request: 0.0007587 seconds.
  importAddress: GUID: bc1ede39bf3643ee8e493720e4259791 - Path: Assets/TextMesh Pro/Shaders/TMP_SDF-Mobile Masking.shader - Importer: ScriptedImporter/UnityEditor.QuickSearchModule:UnityEditor.Search:ASIAI0B
Importing 'GUID: bc1ede39bf3643ee8e493720e4259791 - Path: Assets/TextMesh Pro/Shaders/TMP_SDF-Mobile Masking.shader - Importer: ScriptedImporter/UnityEditor.QuickSearchModule:UnityEditor.Search:ASIAI0B' with importer (ScriptedImporter : UnityEditor.QuickSearchModule:UnityEditor.Search:ASIAI0B)
Imported 'GUID: bc1ede39bf3643ee8e493720e4259791' -> (Import Result ID: '0638395ff4ccf3797e5cc729ed7283fe') in 0.012 seconds [static and dynamic dependencies]. Details - ImportResultOutputID=c6ebb206e8d7e0bc205a816d1b6c85b4 DependenciesID=a0549cfa4ebb23152b1b97a65ed4fde0 StaticDependenciesID=c5cbba0447380ea4bdc31ef4cacd2ccf 
Number of updated asset objects reloaded before import = 0
Number of asset objects unloaded after import = 1
========================================================================
Received Import Request.
  Time of request: 2026-08-17T07:16:21.2985205Z
  Time since last request: 0.0010076 seconds.
  importAddress: GUID: 383e102cbe3bfb34d94c98ea3c2479b4 - Path: Assets/KinectView/Scripts/DepthSourceView.cs - Importer: ScriptedImporter/UnityEditor.QuickSearchModule:UnityEditor.Search:ASIAI0B
Importing 'GUID: 383e102cbe3bfb34d94c98ea3c2479b4 - Path: Assets/KinectView/Scripts/DepthSourceView.cs - Importer: ScriptedImporter/UnityEditor.QuickSearchModule:UnityEditor.Search:ASIAI0B' with importer (ScriptedImporter : UnityEditor.QuickSearchModule:UnityEditor.Search:ASIAI0B)
Imported 'GUID: 383e102cbe3bfb34d94c98ea3c2479b4' -> (Import Result ID: '22d5d2e60050989fb26938cc4e026fce') in 0.006 seconds [static and dynamic dependencies]. Details - ImportResultOutputID=63c731ac8c276fa2d3f63ed7aeeaa2ca DependenciesID=b1f4878e4018251bac48b308246ef7e0 StaticDependenciesID=bc7284e7818dab2a498053c3ee386142 
Number of updated asset objects reloaded before import = 0
Number of asset objects unloaded after import = 0
========================================================================
Received Import Request.
  Time of request: 2026-08-17T07:16:21.3399323Z
  Time since last request: 0.0007705 seconds.
  importAddress: GUID: 753033b53c0fbc440b78a31104fbced9 - Path: Assets/Lana Studio/Hyper Casual FX/Models/Area_vertical.fbx - Importer: ScriptedImporter/UnityEditor.QuickSearchModule:UnityEditor.Search:ASIAI0B
Importing 'GUID: 753033b53c0fbc440b78a31104fbced9 - Path: Assets/Lana Studio/Hyper Casual FX/Models/Area_vertical.fbx - Importer: ScriptedImporter/UnityEditor.QuickSearchModule:UnityEditor.Search:ASIAI0B' with importer (ScriptedImporter : UnityEditor.QuickSearchModule:UnityEditor.Search:ASIAI0B)
Imported 'GUID: 753033b53c0fbc440b78a31104fbced9' -> (Import Result ID: '62cb8729245220fbbbb6a231dcb3578f') in 0.080 seconds [static and dynamic dependencies]. Details - ImportResultOutputID=1400dfc5c122415c32fa8dd584a7f158 DependenciesID=6e7d8d74d4ee352a665f95362054a730 StaticDependenciesID=bf80f6152602661eb263531ebdac7db8 
Number of updated asset objects reloaded before import = 0
Number of asset objects unloaded after import = 11
========================================================================
Received Import Request.
  Time of request: 2026-08-17T07:16:21.4580182Z
  Time since last request: 0.0006168 seconds.
  importAddress: GUID: 85187c2149c549c5b33f0cdb02836b17 - Path: Assets/TextMesh Pro/Shaders/TMP_SDF-Surface-Mobile.shader - Importer: ScriptedImporter/UnityEditor.QuickSearchModule:UnityEditor.Search:ASIAI0B
Importing 'GUID: 85187c2149c549c5b33f0cdb02836b17 - Path: Assets/TextMesh Pro/Shaders/TMP_SDF-Surface-Mobile.shader - Importer: ScriptedImporter/UnityEditor.QuickSearchModule:UnityEditor.Search:ASIAI0B' with importer (ScriptedImporter : UnityEditor.QuickSearchModule:UnityEditor.Search:ASIAI0B)
Imported 'GUID: 85187c2149c549c5b33f0cdb02836b17' -> (Import Result ID: 'cee5c46608ed9ce9c781be00a1f995b9') in 0.033 seconds [static and dynamic dependencies]. Details - ImportResultOutputID=5a6fcaf31403f632c92e6c5515108ffe DependenciesID=9a742ea1edc7939f24a54f35165ba7a1 StaticDependenciesID=679401d1eaf6d79ac5dc79446f4026f6 
Number of updated asset objects reloaded before import = 0
Number of asset objects unloaded after import = 1
========================================================================
Received Import Request.
  Time of request: 2026-08-17T07:16:21.5338325Z
  Time since last request: 0.0009548 seconds.
  importAddress: GUID: fade42e8bc714b018fac513c043d323b - Path: Assets/TextMesh Pro/Resources/LineBreaking Following Characters.txt - Importer: ScriptedImporter/UnityEditor.QuickSearchModule:UnityEditor.Search:ASIAI0B
Importing 'GUID: fade42e8bc714b018fac513c043d323b - Path: Assets/TextMesh Pro/Resources/LineBreaking Following Characters.txt - Importer: ScriptedImporter/UnityEditor.QuickSearchModule:UnityEditor.Search:ASIAI0B' with importer (ScriptedImporter : UnityEditor.QuickSearchModule:UnityEditor.Search:ASIAI0B)
Imported 'GUID: fade42e8bc714b018fac513c043d323b' -> (Import Result ID: '70e05d574ec8451e10c1d763353999d1') in 0.009 seconds [static and dynamic dependencies]. Details - ImportResultOutputID=7a892780698cab0da362d4f99274503b DependenciesID=139ab7cdd017ab714fb84086c9826feb StaticDependenciesID=3deb24930b295084dba8f37a95bd3f66 
Number of updated asset objects reloaded before import = 0
Number of asset objects unloaded after import = 1
========================================================================
Received Import Request.
  Time of request: 2026-08-17T07:16:21.5779287Z
  Time since last request: 0.0007393 seconds.
  importAddress: GUID: 727a75301c3d24613a3ebcec4a24c2c8 - Path: Assets/TutorialInfo/Icons/URP.png - Importer: ScriptedImporter/UnityEditor.QuickSearchModule:UnityEditor.Search:ASIAI0B
Importing 'GUID: 727a75301c3d24613a3ebcec4a24c2c8 - Path: Assets/TutorialInfo/Icons/URP.png - Importer: ScriptedImporter/UnityEditor.QuickSearchModule:UnityEditor.Search:ASIAI0B' with importer (ScriptedImporter : UnityEditor.QuickSearchModule:UnityEditor.Search:ASIAI0B)
Imported 'GUID: 727a75301c3d24613a3ebcec4a24c2c8' -> (Import Result ID: '5b1d113b33b99520a84e08893f893390') in 0.018 seconds [static and dynamic dependencies]. Details - ImportResultOutputID=daa1dd274ea360e39a0363483343f2eb DependenciesID=7afee4528d36bc0de260499f85780318 StaticDependenciesID=b10b089e088b120905934e7d4b57c9da 
Number of updated asset objects reloaded before import = 0
Number of asset objects unloaded after import = 1
========================================================================
Received Import Request.
  Time of request: 2026-08-17T07:16:21.6219287Z
  Time since last request: 0.0007235 seconds.
  importAddress: GUID: 96cf7d466b0b0bb4d92fb09d817ad613 - Path: Assets/Standard Assets/NativeObjectCache.cs - Importer: ScriptedImporter/UnityEditor.QuickSearchModule:UnityEditor.Search:ASIAI0B
Importing 'GUID: 96cf7d466b0b0bb4d92fb09d817ad613 - Path: Assets/Standard Assets/NativeObjectCache.cs - Importer: ScriptedImporter/UnityEditor.QuickSearchModule:UnityEditor.Search:ASIAI0B' with importer (ScriptedImporter : UnityEditor.QuickSearchModule:UnityEditor.Search:ASIAI0B)
Imported 'GUID: 96cf7d466b0b0bb4d92fb09d817ad613' -> (Import Result ID: '127e2c08a7fc9c8952be3377fc271e10') in 0.007 seconds [static and dynamic dependencies]. Details - ImportResultOutputID=40ea808110d22ba6c2d370363e0ba8c8 DependenciesID=9ae6c7e628ab77dc27051b7a7831499c StaticDependenciesID=602fe5c890150ae42f4e13fa9ed1cb3b 
Number of updated asset objects reloaded before import = 0
Number of asset objects unloaded after import = 0
========================================================================
Received Import Request.
  Time of request: 2026-08-17T07:16:21.6536361Z
  Time since last request: 0.0010931 seconds.
  importAddress: GUID: e3265ab4bf004d28a9537516768c1c75 - Path: Assets/TextMesh Pro/Fonts/LiberationSans.ttf - Importer: ScriptedImporter/UnityEditor.QuickSearchModule:UnityEditor.Search:ASIAI0B
Importing 'GUID: e3265ab4bf004d28a9537516768c1c75 - Path: Assets/TextMesh Pro/Fonts/LiberationSans.ttf - Importer: ScriptedImporter/UnityEditor.QuickSearchModule:UnityEditor.Search:ASIAI0B' with importer (ScriptedImporter : UnityEditor.QuickSearchModule:UnityEditor.Search:ASIAI0B)
Imported 'GUID: e3265ab4bf004d28a9537516768c1c75' -> (Import Result ID: 'fab268df1628cfef0d13505226ed2d5c') in 0.015 seconds [static and dynamic dependencies]. Details - ImportResultOutputID=00806ecccb65892e1a526c12d63b4fec DependenciesID=5ae60698658aeeb34fbc7e0ba6852f81 StaticDependenciesID=fa1e3516c3e03ed309c88c65720f1d20 
Number of updated asset objects reloaded before import = 0
Number of asset objects unloaded after import = 3
========================================================================
Received Import Request.
  Time of request: 2026-08-17T07:16:21.7008133Z
  Time since last request: 0.0021256 seconds.
  importAddress: GUID: ee5302fdf7d10e74fbbbe1a2f7503f46 - Path: Assets/KinectView/Scripts/ColorSourceView.cs - Importer: ScriptedImporter/UnityEditor.QuickSearchModule:UnityEditor.Search:ASIAI0B
Importing 'GUID: ee5302fdf7d10e74fbbbe1a2f7503f46 - Path: Assets/KinectView/Scripts/ColorSourceView.cs - Importer: ScriptedImporter/UnityEditor.QuickSearchModule:UnityEditor.Search:ASIAI0B' with importer (ScriptedImporter : UnityEditor.QuickSearchModule:UnityEditor.Search:ASIAI0B)
Imported 'GUID: ee5302fdf7d10e74fbbbe1a2f7503f46' -> (Import Result ID: '5bae20dfea9d210f86beeded830c2d77') in 0.009 seconds [static and dynamic dependencies]. Details - ImportResultOutputID=55e11d39d11700238680d8372f3eaed4 DependenciesID=5f8424633d247590ea5f5a8079b8d910 StaticDependenciesID=413ec0094d14c0cb1f823da2dca32a2c 
Number of updated asset objects reloaded before import = 0
Number of asset objects unloaded after import = 0
========================================================================
Received Import Request.
  Time of request: 2026-08-17T07:16:21.7441221Z
  Time since last request: 0.0009498 seconds.
  importAddress: GUID: 61e5c93f5da1e324aa7fd9671db875bc - Path: Assets/KinectView/Scripts/DisableOnStart.cs - Importer: ScriptedImporter/UnityEditor.QuickSearchModule:UnityEditor.Search:ASIAI0B
Importing 'GUID: 61e5c93f5da1e324aa7fd9671db875bc - Path: Assets/KinectView/Scripts/DisableOnStart.cs - Importer: ScriptedImporter/UnityEditor.QuickSearchModule:UnityEditor.Search:ASIAI0B' with importer (ScriptedImporter : UnityEditor.QuickSearchModule:UnityEditor.Search:ASIAI0B)
Imported 'GUID: 61e5c93f5da1e324aa7fd9671db875bc' -> (Import Result ID: '3aa0a88d0c8f38d57184f47df5bba33d') in 0.006 seconds [static and dynamic dependencies]. Details - ImportResultOutputID=ddb35548e8c6aa5307a48b4788817da0 DependenciesID=86b89a6971f656b3d442f57d14dc6801 StaticDependenciesID=38abe53914bec3d36361986874fae3d2 
Number of updated asset objects reloaded before import = 0
Number of asset objects unloaded after import = 0
========================================================================
Received Import Request.
  Time of request: 2026-08-17T07:16:21.779399Z
  Time since last request: 0.0005742 seconds.
  importAddress: GUID: a3d800b099a06e0478fb790c5e79057a - Path: Assets/TextMesh Pro/Shaders/TMP_SDF-URP Lit.shadergraph - Importer: ScriptedImporter/UnityEditor.QuickSearchModule:UnityEditor.Search:ASIAI0B
Importing 'GUID: a3d800b099a06e0478fb790c5e79057a - Path: Assets/TextMesh Pro/Shaders/TMP_SDF-URP Lit.shadergraph - Importer: ScriptedImporter/UnityEditor.QuickSearchModule:UnityEditor.Search:ASIAI0B' with importer (ScriptedImporter : UnityEditor.QuickSearchModule:UnityEditor.Search:ASIAI0B)
Imported 'GUID: a3d800b099a06e0478fb790c5e79057a' -> (Import Result ID: 'a9e8fd0c5faf0232390026f0f924459e') in 0.046 seconds [static and dynamic dependencies]. Details - ImportResultOutputID=6c31a0e861c8048ed1e1b72371f6cb0d DependenciesID=683ce337a258b49857b3d2d1fa747725 StaticDependenciesID=66983c10ed45e6249b0b0e2775bf99f2 
Number of updated asset objects reloaded before import = 0
Number of asset objects unloaded after import = 5
========================================================================
Received Import Request.
  Time of request: 2026-08-17T07:16:21.8549116Z
  Time since last request: 0.0000951 seconds.
  importAddress: GUID: a02a7d8c237544f1962732b55a9aebf1 - Path: Assets/TextMesh Pro/Shaders/TMP_SDF-Mobile Overlay.shader - Importer: ScriptedImporter/UnityEditor.QuickSearchModule:UnityEditor.Search:ASIAI0B
Importing 'GUID: a02a7d8c237544f1962732b55a9aebf1 - Path: Assets/TextMesh Pro/Shaders/TMP_SDF-Mobile Overlay.shader - Importer: ScriptedImporter/UnityEditor.QuickSearchModule:UnityEditor.Search:ASIAI0B' with importer (ScriptedImporter : UnityEditor.QuickSearchModule:UnityEditor.Search:ASIAI0B)
Imported 'GUID: a02a7d8c237544f1962732b55a9aebf1' -> (Import Result ID: 'a90452320c933e5a4340db7d039ac5cf') in 0.010 seconds [static and dynamic dependencies]. Details - ImportResultOutputID=8446e5eaa77086c2b24bf34b3cf6ea11 DependenciesID=52a526ad462bef825a9489dc7817df08 StaticDependenciesID=cf677355c287aa6991777011f3ec0e03 
Number of updated asset objects reloaded before import = 0
Number of asset objects unloaded after import = 1
========================================================================
Received Import Request.
  Time of request: 2026-08-17T07:16:21.8902309Z
  Time since last request: 0.0009421 seconds.
  importAddress: GUID: 48bb5f55d8670e349b6e614913f9d910 - Path: Assets/TextMesh Pro/Shaders/TMP_Bitmap-Custom-Atlas.shader - Importer: ScriptedImporter/UnityEditor.QuickSearchModule:UnityEditor.Search:ASIAI0B
Importing 'GUID: 48bb5f55d8670e349b6e614913f9d910 - Path: Assets/TextMesh Pro/Shaders/TMP_Bitmap-Custom-Atlas.shader - Importer: ScriptedImporter/UnityEditor.QuickSearchModule:UnityEditor.Search:ASIAI0B' with importer (ScriptedImporter : UnityEditor.QuickSearchModule:UnityEditor.Search:ASIAI0B)
Imported 'GUID: 48bb5f55d8670e349b6e614913f9d910' -> (Import Result ID: '7c5180656dd50b8b9e6ec1b1f4c7f3b5') in 0.010 seconds [static and dynamic dependencies]. Details - ImportResultOutputID=01cbc9a84f98f313cac9999ed8f3a047 DependenciesID=7582864df2384777f399bf5586e97ded StaticDependenciesID=5467c0dbb2ecaf594faf486a9a2f3341 
Number of updated asset objects reloaded before import = 0
Number of asset objects unloaded after import = 1
========================================================================
Received Import Request.
  Time of request: 2026-08-17T07:16:21.9277774Z
  Time since last request: 0.0007131 seconds.
  importAddress: GUID: 4b527b1687387864c8998d612b2cc8d5 - Path: Assets/Lana Studio/Hyper Casual FX/Materials/Square.mat - Importer: ScriptedImporter/UnityEditor.QuickSearchModule:UnityEditor.Search:ASIAI0B
Importing 'GUID: 4b527b1687387864c8998d612b2cc8d5 - Path: Assets/Lana Studio/Hyper Casual FX/Materials/Square.mat - Importer: ScriptedImporter/UnityEditor.QuickSearchModule:UnityEditor.Search:ASIAI0B' with importer (ScriptedImporter : UnityEditor.QuickSearchModule:UnityEditor.Search:ASIAI0B)
Imported 'GUID: 4b527b1687387864c8998d612b2cc8d5' -> (Import Result ID: '516fa143b0e1d6d17b730417aecfe772') in 0.011 seconds [static and dynamic dependencies]. Details - ImportResultOutputID=8090c21f728f12d5875a569cc8d452d6 DependenciesID=a9055975612dcfb056e1ceff996fc26d StaticDependenciesID=d915afb7661f25f0e3643d2e0020021a 
Number of updated asset objects reloaded before import = 0
Number of asset objects unloaded after import = 2
========================================================================
Received Import Request.
  Time of request: 2026-08-17T07:16:21.964052Z
  Time since last request: 0.0005041 seconds.
  importAddress: GUID: 85bafbe9b14b18b45b445b304b1f3efc - Path: Assets/Plugins/Metro/KinectUnityAddin.dll - Importer: ScriptedImporter/UnityEditor.QuickSearchModule:UnityEditor.Search:ASIAI0B
Importing 'GUID: 85bafbe9b14b18b45b445b304b1f3efc - Path: Assets/Plugins/Metro/KinectUnityAddin.dll - Importer: ScriptedImporter/UnityEditor.QuickSearchModule:UnityEditor.Search:ASIAI0B' with importer (ScriptedImporter : UnityEditor.QuickSearchModule:UnityEditor.Search:ASIAI0B)
Imported 'GUID: 85bafbe9b14b18b45b445b304b1f3efc' -> (Import Result ID: 'd218ea38b38429bbe4ccd4d78dda7be6') in 0.018 seconds [static and dynamic dependencies]. Details - ImportResultOutputID=06492dec0a82fd714c716d70639719bc DependenciesID=fce669cf154bf64b85f487c282f42182 StaticDependenciesID=adb7af47a619461ac7c68314d5423a20 
Number of updated asset objects reloaded before import = 0
Number of asset objects unloaded after import = 0
========================================================================
Received Import Request.
  Time of request: 2026-08-17T07:16:22.0079856Z
  Time since last request: 0.0009017 seconds.
  importAddress: GUID: 96de908384869cd409c75efa351d5edf - Path: Assets/TextMesh Pro/Shaders/SDFFunctions.hlsl - Importer: ScriptedImporter/UnityEditor.QuickSearchModule:UnityEditor.Search:ASIAI0B
Importing 'GUID: 96de908384869cd409c75efa351d5edf - Path: Assets/TextMesh Pro/Shaders/SDFFunctions.hlsl - Importer: ScriptedImporter/UnityEditor.QuickSearchModule:UnityEditor.Search:ASIAI0B' with importer (ScriptedImporter : UnityEditor.QuickSearchModule:UnityEditor.Search:ASIAI0B)
Imported 'GUID: 96de908384869cd409c75efa351d5edf' -> (Import Result ID: 'd1510145098186811bc18a1ca14c4632') in 0.010 seconds [static and dynamic dependencies]. Details - ImportResultOutputID=7c5b85a5ef33301cec1236053ddc301f DependenciesID=8a03d71f5a4fbd0659982a49f4d2cded StaticDependenciesID=0db13b9ffa4ca31f6a0b9303d3eb458a 
Number of updated asset objects reloaded before import = 0
Number of asset objects unloaded after import = 1
========================================================================
Received Import Request.
  Time of request: 2026-08-17T07:16:22.0491406Z
  Time since last request: 0.0007158 seconds.
  importAddress: GUID: f63d574838ccfb44f84acc05fed0af48 - Path: Assets/TextMesh Pro/Shaders/TMP_SDF-HDRP UNLIT.shadergraph - Importer: ScriptedImporter/UnityEditor.QuickSearchModule:UnityEditor.Search:ASIAI0B
Importing 'GUID: f63d574838ccfb44f84acc05fed0af48 - Path: Assets/TextMesh Pro/Shaders/TMP_SDF-HDRP UNLIT.shadergraph - Importer: ScriptedImporter/UnityEditor.QuickSearchModule:UnityEditor.Search:ASIAI0B' with importer (ScriptedImporter : UnityEditor.QuickSearchModule:UnityEditor.Search:ASIAI0B)
Imported 'GUID: f63d574838ccfb44f84acc05fed0af48' -> (Import Result ID: 'ea13cd20bee099e72bbda00821e15b1a') in 0.011 seconds [static and dynamic dependencies]. Details - ImportResultOutputID=08b5f72acac6b342a4ad6b80e8652c2b DependenciesID=14ec4c31e997459ec9c897183098ddca StaticDependenciesID=b89ba0988a0596e1b9585772edd58f52 
Number of updated asset objects reloaded before import = 0
Number of asset objects unloaded after import = 4
========================================================================
Received Import Request.
  Time of request: 2026-08-17T07:16:22.088225Z
  Time since last request: 0.0005238 seconds.
  importAddress: GUID: a103df75c03c9c54096627354fdb1398 - Path: Assets/Standard Assets/Editor/KinectCopyPluginDataHelper.cs - Importer: ScriptedImporter/UnityEditor.QuickSearchModule:UnityEditor.Search:ASIAI0B
Importing 'GUID: a103df75c03c9c54096627354fdb1398 - Path: Assets/Standard Assets/Editor/KinectCopyPluginDataHelper.cs - Importer: ScriptedImporter/UnityEditor.QuickSearchModule:UnityEditor.Search:ASIAI0B' with importer (ScriptedImporter : UnityEditor.QuickSearchModule:UnityEditor.Search:ASIAI0B)
Imported 'GUID: a103df75c03c9c54096627354fdb1398' -> (Import Result ID: 'a7987610e12bde701674cbcc7a483ebf') in 0.007 seconds [static and dynamic dependencies]. Details - ImportResultOutputID=142d9733cdacee2a48834f324d4e5213 DependenciesID=29a8847f9227ec182c807be097c8ce99 StaticDependenciesID=7936496a9d4fec389696b72abc7bd812 
Number of updated asset objects reloaded before import = 0
Number of asset objects unloaded after import = 0
========================================================================
Received Import Request.
  Time of request: 2026-08-17T07:16:22.1196787Z
  Time since last request: 0.0006671 seconds.
  importAddress: GUID: 0178fcb869bafef4690d177d31d17db8 - Path: Assets/TextMesh Pro/Shaders/TMP_SDF-Mobile-2-Pass.shader - Importer: ScriptedImporter/UnityEditor.QuickSearchModule:UnityEditor.Search:ASIAI0B
Importing 'GUID: 0178fcb869bafef4690d177d31d17db8 - Path: Assets/TextMesh Pro/Shaders/TMP_SDF-Mobile-2-Pass.shader - Importer: ScriptedImporter/UnityEditor.QuickSearchModule:UnityEditor.Search:ASIAI0B' with importer (ScriptedImporter : UnityEditor.QuickSearchModule:UnityEditor.Search:ASIAI0B)
Imported 'GUID: 0178fcb869bafef4690d177d31d17db8' -> (Import Result ID: 'fc20d650c01c60f5a750c2090631b3ff') in 0.011 seconds [static and dynamic dependencies]. Details - ImportResultOutputID=6ddf1364756f40b6bac23c4e2443e7b3 DependenciesID=f7ff4fb246c27e4d6cccc7d31f0066b1 StaticDependenciesID=77ecc98eb1fe69c4694991ae87e76334 
Number of updated asset objects reloaded before import = 0
Number of asset objects unloaded after import = 1
========================================================================
Received Import Request.
  Time of request: 2026-08-17T07:16:22.1595507Z
  Time since last request: 0.0012761 seconds.
  importAddress: GUID: ca2ed216f98028c4dae6c5224a952b3c - Path: Assets/TextMesh Pro/Shaders/TMP_SDF-HDRP LIT.shadergraph - Importer: ScriptedImporter/UnityEditor.QuickSearchModule:UnityEditor.Search:ASIAI0B
Importing 'GUID: ca2ed216f98028c4dae6c5224a952b3c - Path: Assets/TextMesh Pro/Shaders/TMP_SDF-HDRP LIT.shadergraph - Importer: ScriptedImporter/UnityEditor.QuickSearchModule:UnityEditor.Search:ASIAI0B' with importer (ScriptedImporter : UnityEditor.QuickSearchModule:UnityEditor.Search:ASIAI0B)
Imported 'GUID: ca2ed216f98028c4dae6c5224a952b3c' -> (Import Result ID: '89bdd529cd8a1a2b8d0b262417dac0a3') in 0.016 seconds [static and dynamic dependencies]. Details - ImportResultOutputID=bfc5e6c2dfd79ac0d4aa8683f7f35814 DependenciesID=2e9072dacd0ad2a342b0904076df2a85 StaticDependenciesID=7c5fba1bc5945f85eca0c6e79a79b9e4 
Number of updated asset objects reloaded before import = 0
Number of asset objects unloaded after import = 4
========================================================================
Received Import Request.
  Time of request: 2026-08-17T07:16:22.2102141Z
  Time since last request: 0.0004407 seconds.
  importAddress: GUID: 98f8736f9d8c8e44592c96e57d57c5d4 - Path: Assets/KinectView/Scripts/InfraredSourceView.cs - Importer: ScriptedImporter/UnityEditor.QuickSearchModule:UnityEditor.Search:ASIAI0B
Importing 'GUID: 98f8736f9d8c8e44592c96e57d57c5d4 - Path: Assets/KinectView/Scripts/InfraredSourceView.cs - Importer: ScriptedImporter/UnityEditor.QuickSearchModule:UnityEditor.Search:ASIAI0B' with importer (ScriptedImporter : UnityEditor.QuickSearchModule:UnityEditor.Search:ASIAI0B)
Imported 'GUID: 98f8736f9d8c8e44592c96e57d57c5d4' -> (Import Result ID: '56c396b0be3cb950b72cbce14634ed6a') in 0.006 seconds [static and dynamic dependencies]. Details - ImportResultOutputID=4803a2d5490779e0f64dd1b143d38be2 DependenciesID=43c433f81724e92086cba638ebacb08c StaticDependenciesID=e7cb15d2459486d20d6f1749016d5adb 
Number of updated asset objects reloaded before import = 0
Number of asset objects unloaded after import = 0
========================================================================
Received Import Request.
  Time of request: 2026-08-17T07:16:22.2388128Z
  Time since last request: 0.0004856 seconds.
  importAddress: GUID: cf81c85f95fe47e1a27f6ae460cf182c - Path: Assets/TextMesh Pro/Shaders/TMP_Sprite.shader - Importer: ScriptedImporter/UnityEditor.QuickSearchModule:UnityEditor.Search:ASIAI0B
Importing 'GUID: cf81c85f95fe47e1a27f6ae460cf182c - Path: Assets/TextMesh Pro/Shaders/TMP_Sprite.shader - Importer: ScriptedImporter/UnityEditor.QuickSearchModule:UnityEditor.Search:ASIAI0B' with importer (ScriptedImporter : UnityEditor.QuickSearchModule:UnityEditor.Search:ASIAI0B)
Imported 'GUID: cf81c85f95fe47e1a27f6ae460cf182c' -> (Import Result ID: '03d6e4944634fd580fdb90546be19e62') in 0.009 seconds [static and dynamic dependencies]. Details - ImportResultOutputID=86f1d723721737e8f9783ee400046020 DependenciesID=e78c09dc35ca28a68cc679293c6e2826 StaticDependenciesID=86ec5bae279a670d399f882fa94bb0da 
Number of updated asset objects reloaded before import = 0
Number of asset objects unloaded after import = 1
========================================================================
Received Import Request.
  Time of request: 2026-08-17T07:16:22.2752899Z
  Time since last request: 0.0006023 seconds.
  importAddress: GUID: 1e3b057af24249748ff873be7fafee47 - Path: Assets/TextMesh Pro/Shaders/TMP_Bitmap-Mobile.shader - Importer: ScriptedImporter/UnityEditor.QuickSearchModule:UnityEditor.Search:ASIAI0B
Importing 'GUID: 1e3b057af24249748ff873be7fafee47 - Path: Assets/TextMesh Pro/Shaders/TMP_Bitmap-Mobile.shader - Importer: ScriptedImporter/UnityEditor.QuickSearchModule:UnityEditor.Search:ASIAI0B' with importer (ScriptedImporter : UnityEditor.QuickSearchModule:UnityEditor.Search:ASIAI0B)
Imported 'GUID: 1e3b057af24249748ff873be7fafee47' -> (Import Result ID: 'bd2a62b56c0e9009357f4ec620bcbe7a') in 0.010 seconds [static and dynamic dependencies]. Details - ImportResultOutputID=9fa3365e255e47eeffa4bf168dd52c13 DependenciesID=c91e467fd2dd38c4de7a43289e51a7d1 StaticDependenciesID=5dc6991abef7e504e7a1c5c157347142 
Number of updated asset objects reloaded before import = 0
Number of asset objects unloaded after import = 1
========================================================================
Received Import Request.
  Time of request: 2026-08-17T07:16:22.3104161Z
  Time since last request: 0.0010941 seconds.
  importAddress: GUID: 407bc68d299748449bbf7f48ee690f8d - Path: Assets/TextMesh Pro/Shaders/TMPro.cginc - Importer: ScriptedImporter/UnityEditor.QuickSearchModule:UnityEditor.Search:ASIAI0B
Importing 'GUID: 407bc68d299748449bbf7f48ee690f8d - Path: Assets/TextMesh Pro/Shaders/TMPro.cginc - Importer: ScriptedImporter/UnityEditor.QuickSearchModule:UnityEditor.Search:ASIAI0B' with importer (ScriptedImporter : UnityEditor.QuickSearchModule:UnityEditor.Search:ASIAI0B)
Imported 'GUID: 407bc68d299748449bbf7f48ee690f8d' -> (Import Result ID: '98c9dd8383eb6911cee0b92f4b18717b') in 0.008 seconds [static and dynamic dependencies]. Details - ImportResultOutputID=3c64699b44281aff9a496ea402f217fd DependenciesID=35ef008c49d4a0e16d49cd923a7084ed StaticDependenciesID=a96c123391e84ad60e6a52eee325617b 
Number of updated asset objects reloaded before import = 0
Number of asset objects unloaded after import = 1
========================================================================
Received Import Request.
  Time of request: 2026-08-17T07:16:22.3675739Z
  Time since last request: 0.0005421 seconds.
  importAddress: GUID: dd89cf5b9246416f84610a006f916af7 - Path: Assets/TextMesh Pro/Shaders/TMP_SDF Overlay.shader - Importer: ScriptedImporter/UnityEditor.QuickSearchModule:UnityEditor.Search:ASIAI0B
Importing 'GUID: dd89cf5b9246416f84610a006f916af7 - Path: Assets/TextMesh Pro/Shaders/TMP_SDF Overlay.shader - Importer: ScriptedImporter/UnityEditor.QuickSearchModule:UnityEditor.Search:ASIAI0B' with importer (ScriptedImporter : UnityEditor.QuickSearchModule:UnityEditor.Search:ASIAI0B)
Imported 'GUID: dd89cf5b9246416f84610a006f916af7' -> (Import Result ID: '33eb83f2349822e0ec201d29642153c9') in 0.010 seconds [static and dynamic dependencies]. Details - ImportResultOutputID=6b6df094577c6f798f28e576f2e236ff DependenciesID=334e9cfb93f834cefe5af5f807501178 StaticDependenciesID=ac3bb52e348d9e64c14909744ec41ec9 
Number of updated asset objects reloaded before import = 0
Number of asset objects unloaded after import = 1
========================================================================
Received Import Request.
  Time of request: 2026-08-17T07:16:22.4067313Z
  Time since last request: 0.0006895 seconds.
  importAddress: GUID: 68e6db2ebdc24f95958faec2be5558d6 - Path: Assets/TextMesh Pro/Shaders/TMP_SDF.shader - Importer: ScriptedImporter/UnityEditor.QuickSearchModule:UnityEditor.Search:ASIAI0B
Importing 'GUID: 68e6db2ebdc24f95958faec2be5558d6 - Path: Assets/TextMesh Pro/Shaders/TMP_SDF.shader - Importer: ScriptedImporter/UnityEditor.QuickSearchModule:UnityEditor.Search:ASIAI0B' with importer (ScriptedImporter : UnityEditor.QuickSearchModule:UnityEditor.Search:ASIAI0B)
Imported 'GUID: 68e6db2ebdc24f95958faec2be5558d6' -> (Import Result ID: 'e42504aab8b48c0b7255436450b8ff26') in 0.010 seconds [static and dynamic dependencies]. Details - ImportResultOutputID=48e572e44c64c6fe48d76fc9b597274b DependenciesID=c4251285ed19985e745365f64963d75f StaticDependenciesID=5783a9b4bcef88f93d9daad1857e4376 
Number of updated asset objects reloaded before import = 0
Number of asset objects unloaded after import = 1
========================================================================
Received Import Request.
  Time of request: 2026-08-17T07:16:22.4459226Z
  Time since last request: 0.0006193 seconds.
  importAddress: GUID: d789bd285b0278848808ac4587043a4f - Path: Assets/Lana Studio/Hyper Casual FX/Materials/Drop_AB.mat - Importer: ScriptedImporter/UnityEditor.QuickSearchModule:UnityEditor.Search:ASIAI0B
Importing 'GUID: d789bd285b0278848808ac4587043a4f - Path: Assets/Lana Studio/Hyper Casual FX/Materials/Drop_AB.mat - Importer: ScriptedImporter/UnityEditor.QuickSearchModule:UnityEditor.Search:ASIAI0B' with importer (ScriptedImporter : UnityEditor.QuickSearchModule:UnityEditor.Search:ASIAI0B)
Imported 'GUID: d789bd285b0278848808ac4587043a4f' -> (Import Result ID: '5b4328aad45e998fcaaace4338c5a50f') in 0.015 seconds [static and dynamic dependencies]. Details - ImportResultOutputID=698a003cfb638ad9968b73ac6a992f42 DependenciesID=4489fe9acabef8118f268799f47dd26b StaticDependenciesID=a65021ffb1099da3c8f6ee3450d4c3b1 
Number of updated asset objects reloaded before import = 0
Number of asset objects unloaded after import = 2
========================================================================
Received Import Request.
  Time of request: 2026-08-17T07:16:22.4902228Z
  Time since last request: 0.0005542 seconds.
  importAddress: GUID: 2e74aed0503c9d24290a1ae5438fddc3 - Path: Assets/KinectView/Scripts/BodySourceManager.cs - Importer: ScriptedImporter/UnityEditor.QuickSearchModule:UnityEditor.Search:ASIAI0B
Importing 'GUID: 2e74aed0503c9d24290a1ae5438fddc3 - Path: Assets/KinectView/Scripts/BodySourceManager.cs - Importer: ScriptedImporter/UnityEditor.QuickSearchModule:UnityEditor.Search:ASIAI0B' with importer (ScriptedImporter : UnityEditor.QuickSearchModule:UnityEditor.Search:ASIAI0B)
Imported 'GUID: 2e74aed0503c9d24290a1ae5438fddc3' -> (Import Result ID: '74a1eb56dbc8c57f5df0b408869231c8') in 0.006 seconds [static and dynamic dependencies]. Details - ImportResultOutputID=15d4f06a99d545a928f223072ab7eb75 DependenciesID=fd3a0133d200377d43ebe4be8fd54187 StaticDependenciesID=61a6285b380cf43850098fdd57f1a417 
Number of updated asset objects reloaded before import = 0
Number of asset objects unloaded after import = 0
========================================================================
Received Import Request.
  Time of request: 2026-08-17T07:16:22.5235268Z
  Time since last request: 0.0005977 seconds.
  importAddress: GUID: 3997e2241185407d80309a82f9148466 - Path: Assets/TextMesh Pro/Shaders/TMPro_Properties.cginc - Importer: ScriptedImporter/UnityEditor.QuickSearchModule:UnityEditor.Search:ASIAI0B
Importing 'GUID: 3997e2241185407d80309a82f9148466 - Path: Assets/TextMesh Pro/Shaders/TMPro_Properties.cginc - Importer: ScriptedImporter/UnityEditor.QuickSearchModule:UnityEditor.Search:ASIAI0B' with importer (ScriptedImporter : UnityEditor.QuickSearchModule:UnityEditor.Search:ASIAI0B)
Imported 'GUID: 3997e2241185407d80309a82f9148466' -> (Import Result ID: 'c32b1ca247b9e0e88c48d2a0262312e2') in 0.008 seconds [static and dynamic dependencies]. Details - ImportResultOutputID=0c71492bd7d6547ca0fef77dd6fe008a DependenciesID=3c659c7b7b22945a1146f72e40b319da StaticDependenciesID=8e5895dc576eb58bf911f851783afdca 
Number of updated asset objects reloaded before import = 0
Number of asset objects unloaded after import = 1
========================================================================
Received Import Request.
  Time of request: 2026-08-17T07:16:22.556997Z
  Time since last request: 0.00075 seconds.
  importAddress: GUID: a27f97f1b27134f4bbee290cf18c791c - Path: Assets/Standard Assets/KinectBuffer.cs - Importer: ScriptedImporter/UnityEditor.QuickSearchModule:UnityEditor.Search:ASIAI0B
Importing 'GUID: a27f97f1b27134f4bbee290cf18c791c - Path: Assets/Standard Assets/KinectBuffer.cs - Importer: ScriptedImporter/UnityEditor.QuickSearchModule:UnityEditor.Search:ASIAI0B' with importer (ScriptedImporter : UnityEditor.QuickSearchModule:UnityEditor.Search:ASIAI0B)
Imported 'GUID: a27f97f1b27134f4bbee290cf18c791c' -> (Import Result ID: '0ad6606343f4635caf53280a3bb36a7a') in 0.008 seconds [static and dynamic dependencies]. Details - ImportResultOutputID=bb7e7f2f7e5ae38c12a279134f1b5942 DependenciesID=1a7d98b92b29cb525c0c5bd2041167c2 StaticDependenciesID=f2dd89007a621af1d5cb4fc0456fe8cf 
Number of updated asset objects reloaded before import = 0
Number of asset objects unloaded after import = 0
========================================================================
Received Import Request.
  Time of request: 2026-08-17T07:16:22.5944273Z
  Time since last request: 0.0006956 seconds.
  importAddress: GUID: 92ab5bea6110edb4081e490c0982748d - Path: Assets/KinectView/Scripts/ColorSourceManager.cs - Importer: ScriptedImporter/UnityEditor.QuickSearchModule:UnityEditor.Search:ASIAI0B
Importing 'GUID: 92ab5bea6110edb4081e490c0982748d - Path: Assets/KinectView/Scripts/ColorSourceManager.cs - Importer: ScriptedImporter/UnityEditor.QuickSearchModule:UnityEditor.Search:ASIAI0B' with importer (ScriptedImporter : UnityEditor.QuickSearchModule:UnityEditor.Search:ASIAI0B)
Imported 'GUID: 92ab5bea6110edb4081e490c0982748d' -> (Import Result ID: '45d485cd3cae0595ddec21fdfabebaa3') in 0.007 seconds [static and dynamic dependencies]. Details - ImportResultOutputID=e5ab58a53c34a87da2ef4b90454a8699 DependenciesID=4cea69465813a905ac43df4d7513b768 StaticDependenciesID=44289768728383547a6a61c3f45a92b8 
Number of updated asset objects reloaded before import = 0
Number of asset objects unloaded after import = 0
========================================================================
Received Import Request.
  Time of request: 2026-08-17T07:16:22.6314405Z
  Time since last request: 0.0025426 seconds.
  importAddress: GUID: c334973cef89a9840b0b0c507e0377ab - Path: Assets/TextMesh Pro/Shaders/TMPro_Mobile.cginc - Importer: ScriptedImporter/UnityEditor.QuickSearchModule:UnityEditor.Search:ASIAI0B
Importing 'GUID: c334973cef89a9840b0b0c507e0377ab - Path: Assets/TextMesh Pro/Shaders/TMPro_Mobile.cginc - Importer: ScriptedImporter/UnityEditor.QuickSearchModule:UnityEditor.Search:ASIAI0B' with importer (ScriptedImporter : UnityEditor.QuickSearchModule:UnityEditor.Search:ASIAI0B)
Imported 'GUID: c334973cef89a9840b0b0c507e0377ab' -> (Import Result ID: '077573b110b7c2a015ba73d44a142563') in 0.006 seconds [static and dynamic dependencies]. Details - ImportResultOutputID=b707927442fca9bdd2722f8b61b3afec DependenciesID=7e902307b5b102c994443cf3660d2285 StaticDependenciesID=3ba75a4124c6fb93344de900d11d5ab4 
Number of updated asset objects reloaded before import = 0
Number of asset objects unloaded after import = 1
========================================================================
Received Import Request.
  Time of request: 2026-08-17T07:16:22.6631681Z
  Time since last request: 0.0006987 seconds.
  importAddress: GUID: 82e143d16729051459ae6a54b37e9eab - Path: Assets/Plugins/x86_64/KinectUnityAddin.dll - Importer: ScriptedImporter/UnityEditor.QuickSearchModule:UnityEditor.Search:ASIAI0B
Importing 'GUID: 82e143d16729051459ae6a54b37e9eab - Path: Assets/Plugins/x86_64/KinectUnityAddin.dll - Importer: ScriptedImporter/UnityEditor.QuickSearchModule:UnityEditor.Search:ASIAI0B' with importer (ScriptedImporter : UnityEditor.QuickSearchModule:UnityEditor.Search:ASIAI0B)
Imported 'GUID: 82e143d16729051459ae6a54b37e9eab' -> (Import Result ID: 'ae73115acf1c8b2488bb39f09188d661') in 0.007 seconds [static and dynamic dependencies]. Details - ImportResultOutputID=85fb2272d33e9692239981c2f2c15674 DependenciesID=ad148d0ae8599f8a8130486525b6e0fe StaticDependenciesID=e3c578a59a2eac42aae0aca3c7ef5bec 
Number of updated asset objects reloaded before import = 0
Number of asset objects unloaded after import = 0
========================================================================
Received Import Request.
  Time of request: 2026-08-17T07:16:22.7036756Z
  Time since last request: 0.0008973 seconds.
  importAddress: GUID: 63eff7f54e54aa049a2331755f3cb99c - Path: Assets/KinectView/Scripts/InfraredSourceManager.cs - Importer: ScriptedImporter/UnityEditor.QuickSearchModule:UnityEditor.Search:ASIAI0B
Importing 'GUID: 63eff7f54e54aa049a2331755f3cb99c - Path: Assets/KinectView/Scripts/InfraredSourceManager.cs - Importer: ScriptedImporter/UnityEditor.QuickSearchModule:UnityEditor.Search:ASIAI0B' with importer (ScriptedImporter : UnityEditor.QuickSearchModule:UnityEditor.Search:ASIAI0B)
Imported 'GUID: 63eff7f54e54aa049a2331755f3cb99c' -> (Import Result ID: 'aca50c41766913f3ee869c97c1b25a36') in 0.006 seconds [static and dynamic dependencies]. Details - ImportResultOutputID=85025bd3a9d330a50d948b636c7cf3f9 DependenciesID=7b5c8ba2c31a19cf89653cc2c1e21fee StaticDependenciesID=d66be4d72117a17496b24fb869a1fa82 
Number of updated asset objects reloaded before import = 0
Number of asset objects unloaded after import = 0
========================================================================
Received Import Request.
  Time of request: 2026-08-17T07:16:22.7378207Z
  Time since last request: 0.0017057 seconds.
  importAddress: GUID: 6e59c59b81ab47f9b6ec5781fa725d2c - Path: Assets/TextMesh Pro/Fonts/LiberationSans - OFL.txt - Importer: ScriptedImporter/UnityEditor.QuickSearchModule:UnityEditor.Search:ASIAI0B
Importing 'GUID: 6e59c59b81ab47f9b6ec5781fa725d2c - Path: Assets/TextMesh Pro/Fonts/LiberationSans - OFL.txt - Importer: ScriptedImporter/UnityEditor.QuickSearchModule:UnityEditor.Search:ASIAI0B' with importer (ScriptedImporter : UnityEditor.QuickSearchModule:UnityEditor.Search:ASIAI0B)
Imported 'GUID: 6e59c59b81ab47f9b6ec5781fa725d2c' -> (Import Result ID: '9fb09c4ebcc57810ccffe02801d270b7') in 0.006 seconds [static and dynamic dependencies]. Details - ImportResultOutputID=328214a0771763fc800e38e5efde6ea2 DependenciesID=32e3d2d77e88dfb53867cfb929a7d3d0 StaticDependenciesID=0886b1b0a30cb1e7ed6baa05eb5dfe3b 
Number of updated asset objects reloaded before import = 0
Number of asset objects unloaded after import = 1
========================================================================
Received Import Request.
  Time of request: 2026-08-17T07:16:22.769606Z
  Time since last request: 0.0006682 seconds.
  importAddress: GUID: 420e62b074ab91a47a0e91d82f0df470 - Path: Assets/Lana Studio/Hyper Casual FX/Models/Confetti.fbx - Importer: ScriptedImporter/UnityEditor.QuickSearchModule:UnityEditor.Search:ASIAI0B
Importing 'GUID: 420e62b074ab91a47a0e91d82f0df470 - Path: Assets/Lana Studio/Hyper Casual FX/Models/Confetti.fbx - Importer: ScriptedImporter/UnityEditor.QuickSearchModule:UnityEditor.Search:ASIAI0B' with importer (ScriptedImporter : UnityEditor.QuickSearchModule:UnityEditor.Search:ASIAI0B)
Imported 'GUID: 420e62b074ab91a47a0e91d82f0df470' -> (Import Result ID: '3f02d5ccd30003fc8c4e8771855fd0d2') in 0.038 seconds [static and dynamic dependencies]. Details - ImportResultOutputID=d65b8c3c358cea87035a6a91cf46c4b8 DependenciesID=ee9e923fa0fa3427e94a0945cdaea26c StaticDependenciesID=1cda03b64612841f2ec02f60a49b32e5 
Number of updated asset objects reloaded before import = 0
Number of asset objects unloaded after import = 11
========================================================================
Received Import Request.
  Time of request: 2026-08-17T07:16:22.8331122Z
  Time since last request: 0.0007433 seconds.
  importAddress: GUID: 381dcb09d5029d14897e55f98031fca5 - Path: Assets/TextMesh Pro/Sprites/EmojiOne Attribution.txt - Importer: ScriptedImporter/UnityEditor.QuickSearchModule:UnityEditor.Search:ASIAI0B
Importing 'GUID: 381dcb09d5029d14897e55f98031fca5 - Path: Assets/TextMesh Pro/Sprites/EmojiOne Attribution.txt - Importer: ScriptedImporter/UnityEditor.QuickSearchModule:UnityEditor.Search:ASIAI0B' with importer (ScriptedImporter : UnityEditor.QuickSearchModule:UnityEditor.Search:ASIAI0B)
Imported 'GUID: 381dcb09d5029d14897e55f98031fca5' -> (Import Result ID: '6cd4c83505617d3a07c02b50e2324b73') in 0.008 seconds [static and dynamic dependencies]. Details - ImportResultOutputID=cab5e8f48554bc80f2d8a308abec7329 DependenciesID=fc6af7085eff51b13576e96fd9e94ea0 StaticDependenciesID=c19442f5f66d677ef89a1fa14ed536fe 
Number of updated asset objects reloaded before import = 0
Number of asset objects unloaded after import = 1
========================================================================
Received Import Request.
  Time of request: 2026-08-17T07:16:22.8673279Z
  Time since last request: 0.0005336 seconds.
  importAddress: GUID: c8d12adcee749c344b8117cf7c7eb912 - Path: Assets/TextMesh Pro/Shaders/TMP_SDF-Mobile SSD.shader - Importer: ScriptedImporter/UnityEditor.QuickSearchModule:UnityEditor.Search:ASIAI0B
Importing 'GUID: c8d12adcee749c344b8117cf7c7eb912 - Path: Assets/TextMesh Pro/Shaders/TMP_SDF-Mobile SSD.shader - Importer: ScriptedImporter/UnityEditor.QuickSearchModule:UnityEditor.Search:ASIAI0B' with importer (ScriptedImporter : UnityEditor.QuickSearchModule:UnityEditor.Search:ASIAI0B)
Imported 'GUID: c8d12adcee749c344b8117cf7c7eb912' -> (Import Result ID: 'c55501555ff34ed79cb4424a301084f7') in 0.010 seconds [static and dynamic dependencies]. Details - ImportResultOutputID=9e5d6054088e99917de05e8cd5407fa2 DependenciesID=acdbfb7c9a2be1a9c4fce17fcb820b25 StaticDependenciesID=af8e851d82d9f013b4b4f4ec692170d5 
Number of updated asset objects reloaded before import = 0
Number of asset objects unloaded after import = 1
========================================================================
Received Import Request.
  Time of request: 2026-08-17T07:16:22.9100111Z
  Time since last request: 0.0007267 seconds.
  importAddress: GUID: f7d420caf00b4e74c88b3682321312dd - Path: Assets/Lana Studio/Hyper Casual FX/Materials/Circles_AB.mat - Importer: ScriptedImporter/UnityEditor.QuickSearchModule:UnityEditor.Search:ASIAI0B
Importing 'GUID: f7d420caf00b4e74c88b3682321312dd - Path: Assets/Lana Studio/Hyper Casual FX/Materials/Circles_AB.mat - Importer: ScriptedImporter/UnityEditor.QuickSearchModule:UnityEditor.Search:ASIAI0B' with importer (ScriptedImporter : UnityEditor.QuickSearchModule:UnityEditor.Search:ASIAI0B)
Imported 'GUID: f7d420caf00b4e74c88b3682321312dd' -> (Import Result ID: '342b6d30d5793e0b3789189c8bb48556') in 0.012 seconds [static and dynamic dependencies]. Details - ImportResultOutputID=ccb2182c036bfa750d3df31a6fe68581 DependenciesID=e768701c93502bc0216a8c7f7d1ea9da StaticDependenciesID=85a26a43c21342f342e64d12a72f4e9e 
Number of updated asset objects reloaded before import = 0
Number of asset objects unloaded after import = 2
========================================================================
Received Import Request.
  Time of request: 2026-08-17T07:16:22.9466554Z
  Time since last request: 0.0004957 seconds.
  importAddress: GUID: c59b79770236fae42a76e291570f2447 - Path: Assets/Standard Assets/KinectSpecialCases.cs - Importer: ScriptedImporter/UnityEditor.QuickSearchModule:UnityEditor.Search:ASIAI0B
Importing 'GUID: c59b79770236fae42a76e291570f2447 - Path: Assets/Standard Assets/KinectSpecialCases.cs - Importer: ScriptedImporter/UnityEditor.QuickSearchModule:UnityEditor.Search:ASIAI0B' with importer (ScriptedImporter : UnityEditor.QuickSearchModule:UnityEditor.Search:ASIAI0B)
Imported 'GUID: c59b79770236fae42a76e291570f2447' -> (Import Result ID: '4c26af698d8b854e99ab1b33e583b417') in 0.006 seconds [static and dynamic dependencies]. Details - ImportResultOutputID=0ec43b7dc72db491729ae6ca614fb8b0 DependenciesID=f5958745b03197092c8cd7a9a0712a9e StaticDependenciesID=fffc4f22644d6e95e8981eab9d43ff5e 
Number of updated asset objects reloaded before import = 0
Number of asset objects unloaded after import = 0
========================================================================
Received Import Request.
  Time of request: 2026-08-17T07:16:22.9786999Z
  Time since last request: 0.0005412 seconds.
  importAddress: GUID: dffef66376be4fa480fb02b19edbe903 - Path: Assets/TextMesh Pro/Sprites/EmojiOne.png - Importer: ScriptedImporter/UnityEditor.QuickSearchModule:UnityEditor.Search:ASIAI0B
Importing 'GUID: dffef66376be4fa480fb02b19edbe903 - Path: Assets/TextMesh Pro/Sprites/EmojiOne.png - Importer: ScriptedImporter/UnityEditor.QuickSearchModule:UnityEditor.Search:ASIAI0B' with importer (ScriptedImporter : UnityEditor.QuickSearchModule:UnityEditor.Search:ASIAI0B)
Imported 'GUID: dffef66376be4fa480fb02b19edbe903' -> (Import Result ID: '45d0fce6fbdd041265c34273951a919f') in 0.019 seconds [static and dynamic dependencies]. Details - ImportResultOutputID=7f0a5d33695ba96434a50c0bed6917e5 DependenciesID=7aaf707c097bd0721e400a158cd276e0 StaticDependenciesID=03bbca38aa3b5c2480c99a70a05c7875 
Number of updated asset objects reloaded before import = 0
Number of asset objects unloaded after import = 1
========================================================================
Received Import Request.
  Time of request: 2026-08-17T07:16:23.0218327Z
  Time since last request: 0.000582 seconds.
  importAddress: GUID: b3ed9e83085d95542b762dd15b306e7a - Path: Assets/Lana Studio/Hyper Casual FX/Materials/Circles_Additive.mat - Importer: ScriptedImporter/UnityEditor.QuickSearchModule:UnityEditor.Search:ASIAI0B
Importing 'GUID: b3ed9e83085d95542b762dd15b306e7a - Path: Assets/Lana Studio/Hyper Casual FX/Materials/Circles_Additive.mat - Importer: ScriptedImporter/UnityEditor.QuickSearchModule:UnityEditor.Search:ASIAI0B' with importer (ScriptedImporter : UnityEditor.QuickSearchModule:UnityEditor.Search:ASIAI0B)
Imported 'GUID: b3ed9e83085d95542b762dd15b306e7a' -> (Import Result ID: 'a53aa4adaf41652a6d38f6ab6cbd97e0') in 0.012 seconds [static and dynamic dependencies]. Details - ImportResultOutputID=7d8da4f1a5e0ca8172168325a68a7c96 DependenciesID=7438dbfd3f1c12812314a57e7550735c StaticDependenciesID=a4b625cb94369c20237699a39322eee4 
Number of updated asset objects reloaded before import = 0
Number of asset objects unloaded after import = 2
========================================================================
Received Import Request.
  Time of request: 2026-08-17T07:16:23.0625815Z
  Time since last request: 0.0004884 seconds.
  importAddress: GUID: f7ada0af4f174f0694ca6a487b8f543d - Path: Assets/TextMesh Pro/Shaders/TMP_SDF-Surface.shader - Importer: ScriptedImporter/UnityEditor.QuickSearchModule:UnityEditor.Search:ASIAI0B
Importing 'GUID: f7ada0af4f174f0694ca6a487b8f543d - Path: Assets/TextMesh Pro/Shaders/TMP_SDF-Surface.shader - Importer: ScriptedImporter/UnityEditor.QuickSearchModule:UnityEditor.Search:ASIAI0B' with importer (ScriptedImporter : UnityEditor.QuickSearchModule:UnityEditor.Search:ASIAI0B)
Imported 'GUID: f7ada0af4f174f0694ca6a487b8f543d' -> (Import Result ID: '6ceff13df9d17e5f520cd2f89033cbb2') in 0.010 seconds [static and dynamic dependencies]. Details - ImportResultOutputID=a5094c3f1e011c227c5fca9b9e8f3bf4 DependenciesID=53337b663f181414450a56dfe899436b StaticDependenciesID=0963af5deed195798c6341f57b18f158 
Number of updated asset objects reloaded before import = 0
Number of asset objects unloaded after import = 1
========================================================================
Received Import Request.
  Time of request: 2026-08-17T07:16:23.1017731Z
  Time since last request: 0.0005996 seconds.
  importAddress: GUID: 0eb32acf7ae62044194131ae0f7e4516 - Path: Assets/Standard Assets/NativeWrapper.cs - Importer: ScriptedImporter/UnityEditor.QuickSearchModule:UnityEditor.Search:ASIAI0B
Importing 'GUID: 0eb32acf7ae62044194131ae0f7e4516 - Path: Assets/Standard Assets/NativeWrapper.cs - Importer: ScriptedImporter/UnityEditor.QuickSearchModule:UnityEditor.Search:ASIAI0B' with importer (ScriptedImporter : UnityEditor.QuickSearchModule:UnityEditor.Search:ASIAI0B)
Imported 'GUID: 0eb32acf7ae62044194131ae0f7e4516' -> (Import Result ID: '41f831389d20a42bb26f583478e56556') in 0.011 seconds [static and dynamic dependencies]. Details - ImportResultOutputID=2ac93e61a9669fdb980f483c13687be3 DependenciesID=2a31d41bef4f42111820d30fe688d93f StaticDependenciesID=1be1d874aba2d7975a8cf1db3d8c50d6 
Number of updated asset objects reloaded before import = 0
Number of asset objects unloaded after import = 0
========================================================================
Received Import Request.
  Time of request: 2026-08-17T07:16:23.1398882Z
  Time since last request: 0.0009591 seconds.
  importAddress: GUID: 8752233447d7ad446b1d9e28e15dcb42 - Path: Assets/Lana Studio/Hyper Casual FX/Demo/Readme.txt - Importer: ScriptedImporter/UnityEditor.QuickSearchModule:UnityEditor.Search:ASIAI0B
Importing 'GUID: 8752233447d7ad446b1d9e28e15dcb42 - Path: Assets/Lana Studio/Hyper Casual FX/Demo/Readme.txt - Importer: ScriptedImporter/UnityEditor.QuickSearchModule:UnityEditor.Search:ASIAI0B' with importer (ScriptedImporter : UnityEditor.QuickSearchModule:UnityEditor.Search:ASIAI0B)
Imported 'GUID: 8752233447d7ad446b1d9e28e15dcb42' -> (Import Result ID: '35fa0c27b6ec816c53c9c29a8c2e164d') in 0.010 seconds [static and dynamic dependencies]. Details - ImportResultOutputID=7ce9aabc0bec7b6901fc896281fbfb4f DependenciesID=eace02faaf2dfdc9bb820fccfdffc8fb StaticDependenciesID=7f146ec08c502e1ff9480a75b1c0ab9f 
Number of updated asset objects reloaded before import = 0
Number of asset objects unloaded after import = 1
========================================================================
Received Import Request.
  Time of request: 2026-08-17T07:16:23.1915602Z
  Time since last request: 0.0008546 seconds.
  importAddress: GUID: f2ea145c63353784985576f08398a815 - Path: Assets/KinectView/Materials/BoneMaterial.mat - Importer: ScriptedImporter/UnityEditor.QuickSearchModule:UnityEditor.Search:ASIAI0B
Importing 'GUID: f2ea145c63353784985576f08398a815 - Path: Assets/KinectView/Materials/BoneMaterial.mat - Importer: ScriptedImporter/UnityEditor.QuickSearchModule:UnityEditor.Search:ASIAI0B' with importer (ScriptedImporter : UnityEditor.QuickSearchModule:UnityEditor.Search:ASIAI0B)
Imported 'GUID: f2ea145c63353784985576f08398a815' -> (Import Result ID: '6296c469e898899ae1d90312adb0037f') in 0.009 seconds [static and dynamic dependencies]. Details - ImportResultOutputID=4a4271fdaba065719a6d2e175c6af586 DependenciesID=d6f33e641bf941d205209a544a8ec20e StaticDependenciesID=b461257312d106acba0a4f598c372561 
Number of updated asset objects reloaded before import = 0
Number of asset objects unloaded after import = 1
========================================================================
Received Import Request.
  Time of request: 2026-08-17T07:16:23.2330338Z
  Time since last request: 0.0007897 seconds.
  importAddress: GUID: f752c4e07617d8d4eb21d4975a2d7c61 - Path: Assets/KinectView/Scripts/MultiSourceManager.cs - Importer: ScriptedImporter/UnityEditor.QuickSearchModule:UnityEditor.Search:ASIAI0B
Importing 'GUID: f752c4e07617d8d4eb21d4975a2d7c61 - Path: Assets/KinectView/Scripts/MultiSourceManager.cs - Importer: ScriptedImporter/UnityEditor.QuickSearchModule:UnityEditor.Search:ASIAI0B' with importer (ScriptedImporter : UnityEditor.QuickSearchModule:UnityEditor.Search:ASIAI0B)
Imported 'GUID: f752c4e07617d8d4eb21d4975a2d7c61' -> (Import Result ID: '9d7a8dd146e3a322256fcfdfa7dc9bf4') in 0.021 seconds [static and dynamic dependencies]. Details - ImportResultOutputID=4b481e32a87c7a4a268378a44a680e7d DependenciesID=9180e4a32612ae921d1c4a2a24542322 StaticDependenciesID=9b46df2505a6d9c4d34d95b40d482fde 
Number of updated asset objects reloaded before import = 0
Number of asset objects unloaded after import = 0
========================================================================
Received Import Request.
  Time of request: 2026-08-17T07:16:23.2847528Z
  Time since last request: 0.0007105 seconds.
  importAddress: GUID: 3beaaeaff8b001643aa24a5911a1e9db - Path: Assets/Models/Animation/Running.fbx - Importer: ScriptedImporter/UnityEditor.QuickSearchModule:UnityEditor.Search:ASIAI0B
Importing 'GUID: 3beaaeaff8b001643aa24a5911a1e9db - Path: Assets/Models/Animation/Running.fbx - Importer: ScriptedImporter/UnityEditor.QuickSearchModule:UnityEditor.Search:ASIAI0B' with importer (ScriptedImporter : UnityEditor.QuickSearchModule:UnityEditor.Search:ASIAI0B)
Imported 'GUID: 3beaaeaff8b001643aa24a5911a1e9db' -> (Import Result ID: 'fa9c3df9099c1ad2c1f53b3eddabfb27') in 0.030 seconds [static and dynamic dependencies]. Details - ImportResultOutputID=d6b7ce70253592cdc8f9d69a419023f9 DependenciesID=8875d3284d6076358fd2e0de4a9bbb95 StaticDependenciesID=ac0f8029b4bd5771452c24d9e4bac769 
Number of updated asset objects reloaded before import = 0
Number of asset objects unloaded after import = 137
========================================================================
Received Import Request.
  Time of request: 2026-08-17T07:16:23.3489868Z
  Time since last request: 0.0000367 seconds.
  importAddress: GUID: d930090c0cd643c7b55f19a38538c162 - Path: Assets/TextMesh Pro/Shaders/TMPro_Surface.cginc - Importer: ScriptedImporter/UnityEditor.QuickSearchModule:UnityEditor.Search:ASIAI0B
Importing 'GUID: d930090c0cd643c7b55f19a38538c162 - Path: Assets/TextMesh Pro/Shaders/TMPro_Surface.cginc - Importer: ScriptedImporter/UnityEditor.QuickSearchModule:UnityEditor.Search:ASIAI0B' with importer (ScriptedImporter : UnityEditor.QuickSearchModule:UnityEditor.Search:ASIAI0B)
Imported 'GUID: d930090c0cd643c7b55f19a38538c162' -> (Import Result ID: 'b5ee5ed55912d925209e989cdcf458cb') in 0.008 seconds [static and dynamic dependencies]. Details - ImportResultOutputID=32b3190e5cd31b1c3b5418838bc31506 DependenciesID=fc3f24aa8bfe33b5bda48c84728bdca4 StaticDependenciesID=e72efc237d2bc855952d8b96831e72d9 
Number of updated asset objects reloaded before import = 0
Number of asset objects unloaded after import = 1
========================================================================
Received Import Request.
  Time of request: 2026-08-17T07:16:23.3870185Z
  Time since last request: 0.0006466 seconds.
  importAddress: GUID: d82c1b31c7e74239bff1220585707d2b - Path: Assets/TextMesh Pro/Resources/LineBreaking Leading Characters.txt - Importer: ScriptedImporter/UnityEditor.QuickSearchModule:UnityEditor.Search:ASIAI0B
Importing 'GUID: d82c1b31c7e74239bff1220585707d2b - Path: Assets/TextMesh Pro/Resources/LineBreaking Leading Characters.txt - Importer: ScriptedImporter/UnityEditor.QuickSearchModule:UnityEditor.Search:ASIAI0B' with importer (ScriptedImporter : UnityEditor.QuickSearchModule:UnityEditor.Search:ASIAI0B)
Imported 'GUID: d82c1b31c7e74239bff1220585707d2b' -> (Import Result ID: 'af5bf5a0408992d21fad96eca74f8058') in 0.016 seconds [static and dynamic dependencies]. Details - ImportResultOutputID=d723c868ff3cd3ab50b16e795e78aba6 DependenciesID=74187514701bf6c96f86007b421c7777 StaticDependenciesID=0ff13f114539bfdfa6707b1af12c7e73 
Number of updated asset objects reloaded before import = 0
Number of asset objects unloaded after import = 1
========================================================================
Received Import Request.
  Time of request: 2026-08-17T07:16:23.4405998Z
  Time since last request: 0.000598 seconds.
  importAddress: GUID: b65facb0c9c68b647b8ca7435b5f35c4 - Path: Assets/Plugins/x86/KinectUnityAddin.dll - Importer: ScriptedImporter/UnityEditor.QuickSearchModule:UnityEditor.Search:ASIAI0B
Importing 'GUID: b65facb0c9c68b647b8ca7435b5f35c4 - Path: Assets/Plugins/x86/KinectUnityAddin.dll - Importer: ScriptedImporter/UnityEditor.QuickSearchModule:UnityEditor.Search:ASIAI0B' with importer (ScriptedImporter : UnityEditor.QuickSearchModule:UnityEditor.Search:ASIAI0B)
Imported 'GUID: b65facb0c9c68b647b8ca7435b5f35c4' -> (Import Result ID: '64a00badb2f7ee7d7457c7cf1bd638a4') in 0.009 seconds [static and dynamic dependencies]. Details - ImportResultOutputID=da8016c12e55efaeaf552b1d86b83f37 DependenciesID=aea630ea5766cdea785e2cfa06300724 StaticDependenciesID=0d70bfb8892c4b33f1218053f70e2c02 
Number of updated asset objects reloaded before import = 0
Number of asset objects unloaded after import = 0
========================================================================
Received Import Request.
  Time of request: 2026-08-17T07:16:23.4788084Z
  Time since last request: 0.0007697 seconds.
  importAddress: GUID: fe393ace9b354375a9cb14cdbbc28be4 - Path: Assets/TextMesh Pro/Shaders/TMP_SDF-Mobile.shader - Importer: ScriptedImporter/UnityEditor.QuickSearchModule:UnityEditor.Search:ASIAI0B
Importing 'GUID: fe393ace9b354375a9cb14cdbbc28be4 - Path: Assets/TextMesh Pro/Shaders/TMP_SDF-Mobile.shader - Importer: ScriptedImporter/UnityEditor.QuickSearchModule:UnityEditor.Search:ASIAI0B' with importer (ScriptedImporter : UnityEditor.QuickSearchModule:UnityEditor.Search:ASIAI0B)
Imported 'GUID: fe393ace9b354375a9cb14cdbbc28be4' -> (Import Result ID: '4086e750a0f955e1e74bd4eae9933d55') in 0.009 seconds [static and dynamic dependencies]. Details - ImportResultOutputID=64862961249c6a3ff1445980c6da271e DependenciesID=b93fcc73a159916ad100367524721bca StaticDependenciesID=3e6e2f4896fbb623ae7879b3066ff14a 
Number of updated asset objects reloaded before import = 0
Number of asset objects unloaded after import = 1
========================================================================
Received Import Request.
  Time of request: 2026-08-17T07:16:23.5171823Z
  Time since last request: 0.0008767 seconds.
  importAddress: GUID: fcf7219bab7fe46a1ad266029b2fee19 - Path: Assets/TutorialInfo/Scripts/Readme.cs - Importer: ScriptedImporter/UnityEditor.QuickSearchModule:UnityEditor.Search:ASIAI0B
Importing 'GUID: fcf7219bab7fe46a1ad266029b2fee19 - Path: Assets/TutorialInfo/Scripts/Readme.cs - Importer: ScriptedImporter/UnityEditor.QuickSearchModule:UnityEditor.Search:ASIAI0B' with importer (ScriptedImporter : UnityEditor.QuickSearchModule:UnityEditor.Search:ASIAI0B)
Imported 'GUID: fcf7219bab7fe46a1ad266029b2fee19' -> (Import Result ID: '6d41250b18831758e52504a8715022f0') in 0.007 seconds [static and dynamic dependencies]. Details - ImportResultOutputID=baf6f822c8ee412367838ba2114453fd DependenciesID=031f6611d7dd65df4646854eff65df6f StaticDependenciesID=ee943ec96646bb85c5bce292cc49299a 
Number of updated asset objects reloaded before import = 0
Number of asset objects unloaded after import = 0
========================================================================
Received Import Request.
  Time of request: 2026-08-17T07:16:23.5521693Z
  Time since last request: 0.0006016 seconds.
  importAddress: GUID: 1cd019cdd7a54604b9ae8091d242d8a4 - Path: Assets/KinectView/Scripts/DepthSourceManager.cs - Importer: ScriptedImporter/UnityEditor.QuickSearchModule:UnityEditor.Search:ASIAI0B
Importing 'GUID: 1cd019cdd7a54604b9ae8091d242d8a4 - Path: Assets/KinectView/Scripts/DepthSourceManager.cs - Importer: ScriptedImporter/UnityEditor.QuickSearchModule:UnityEditor.Search:ASIAI0B' with importer (ScriptedImporter : UnityEditor.QuickSearchModule:UnityEditor.Search:ASIAI0B)
Imported 'GUID: 1cd019cdd7a54604b9ae8091d242d8a4' -> (Import Result ID: '5bf6fc7bc319ad69f5fa3bea8cc89384') in 0.007 seconds [static and dynamic dependencies]. Details - ImportResultOutputID=a01778413b045dd2004915e610531e74 DependenciesID=bbd7b21bf3575eabf93e46c31d5dd62d StaticDependenciesID=f10dff4c0e9ead28d7a0ab957bf03333 
Number of updated asset objects reloaded before import = 0
Number of asset objects unloaded after import = 0
========================================================================
Received Import Request.
  Time of request: 2026-08-17T07:16:23.5858014Z
  Time since last request: 0.0006111 seconds.
  importAddress: GUID: cf1c274910b4ca741ad2f3ea3fd8da9f - Path: Assets/Models/Doctor/Doctor.fbx - Importer: ScriptedImporter/UnityEditor.QuickSearchModule:UnityEditor.Search:ASIAI0B
Importing 'GUID: cf1c274910b4ca741ad2f3ea3fd8da9f - Path: Assets/Models/Doctor/Doctor.fbx - Importer: ScriptedImporter/UnityEditor.QuickSearchModule:UnityEditor.Search:ASIAI0B' with importer (ScriptedImporter : UnityEditor.QuickSearchModule:UnityEditor.Search:ASIAI0B)
Imported 'GUID: cf1c274910b4ca741ad2f3ea3fd8da9f' -> (Import Result ID: 'e1146555f1839366d6ea089548bd279d') in 0.113 seconds [static and dynamic dependencies]. Details - ImportResultOutputID=c03ad60505a6156d44ed8c910673b78f DependenciesID=6d3d3e8de7deef51f64934724a1e3546 StaticDependenciesID=322167030dc81eeeae9f6d8088fe3418 
Number of updated asset objects reloaded before import = 0
Number of asset objects unloaded after import = 173
========================================================================
Received Import Request.
  Time of request: 2026-08-17T07:16:23.727418Z
  Time since last request: 0.0000598 seconds.
  importAddress: GUID: 14eb328de4b8eb245bb7cea29e4ac00b - Path: Assets/TextMesh Pro/Shaders/TMP_SDF SSD.shader - Importer: ScriptedImporter/UnityEditor.QuickSearchModule:UnityEditor.Search:ASIAI0B
Importing 'GUID: 14eb328de4b8eb245bb7cea29e4ac00b - Path: Assets/TextMesh Pro/Shaders/TMP_SDF SSD.shader - Importer: ScriptedImporter/UnityEditor.QuickSearchModule:UnityEditor.Search:ASIAI0B' with importer (ScriptedImporter : UnityEditor.QuickSearchModule:UnityEditor.Search:ASIAI0B)
Imported 'GUID: 14eb328de4b8eb245bb7cea29e4ac00b' -> (Import Result ID: '882f59d2e127dc2b392e00a6d1f1bdd2') in 0.012 seconds [static and dynamic dependencies]. Details - ImportResultOutputID=099f23d23a2475fae99efe639ac8720b DependenciesID=063d0681588ea50765c7c29f6add68f9 StaticDependenciesID=9f5355389ed0bff324f58c6432e91f37 
Number of updated asset objects reloaded before import = 0
Number of asset objects unloaded after import = 1
========================================================================
Received Import Request.
  Time of request: 2026-08-17T07:16:23.7677605Z
  Time since last request: 0.0008436 seconds.
  importAddress: GUID: 3f5b5dff67a942289a9defa416b206f3 - Path: Assets/TextMesh Pro/Resources/TMP Settings.asset - Importer: ScriptedImporter/UnityEditor.QuickSearchModule:UnityEditor.Search:ASIAI0B
Importing 'GUID: 3f5b5dff67a942289a9defa416b206f3 - Path: Assets/TextMesh Pro/Resources/TMP Settings.asset - Importer: ScriptedImporter/UnityEditor.QuickSearchModule:UnityEditor.Search:ASIAI0B' with importer (ScriptedImporter : UnityEditor.QuickSearchModule:UnityEditor.Search:ASIAI0B)
Imported 'GUID: 3f5b5dff67a942289a9defa416b206f3' -> (Import Result ID: '39fff7cc4ccd0f43377c0fde7cdb3c2d') in 0.069 seconds [static and dynamic dependencies]. Details - ImportResultOutputID=f6f161fdcbe226dab1f5d120ecd70ab2 DependenciesID=f1f2c21610fd804281766cc22c6b6486 StaticDependenciesID=5bf506d97e28743410e4305eb989a7b1 
Number of updated asset objects reloaded before import = 0
Number of asset objects unloaded after import = 15
========================================================================
Received Import Request.
  Time of request: 2026-08-17T07:16:23.8870719Z
  Time since last request: 0.0012529 seconds.
  importAddress: GUID: 128e987d567d4e2c824d754223b3f3b0 - Path: Assets/TextMesh Pro/Shaders/TMP_Bitmap.shader - Importer: ScriptedImporter/UnityEditor.QuickSearchModule:UnityEditor.Search:ASIAI0B
Importing 'GUID: 128e987d567d4e2c824d754223b3f3b0 - Path: Assets/TextMesh Pro/Shaders/TMP_Bitmap.shader - Importer: ScriptedImporter/UnityEditor.QuickSearchModule:UnityEditor.Search:ASIAI0B' with importer (ScriptedImporter : UnityEditor.QuickSearchModule:UnityEditor.Search:ASIAI0B)
Imported 'GUID: 128e987d567d4e2c824d754223b3f3b0' -> (Import Result ID: 'e5c90c77e6e26cf2a10309fe6d9f26c4') in 0.012 seconds [static and dynamic dependencies]. Details - ImportResultOutputID=5efd625713abe23dc02a9a7f5cef67bd DependenciesID=1afb04e7132c81691e8a7ba68240467f StaticDependenciesID=29111c870169550b62bea7c5430b94a1 
Number of updated asset objects reloaded before import = 0
Number of asset objects unloaded after import = 1
========================================================================
Received Import Request.
  Time of request: 2026-08-17T07:16:23.9262199Z
  Time since last request: 0.0000428 seconds.
  importAddress: GUID: 8f05276190cf498a8153f6cbe761d4e6 - Path: Assets/TextMesh Pro/Sprites/EmojiOne.json - Importer: ScriptedImporter/UnityEditor.QuickSearchModule:UnityEditor.Search:ASIAI0B
Importing 'GUID: 8f05276190cf498a8153f6cbe761d4e6 - Path: Assets/TextMesh Pro/Sprites/EmojiOne.json - Importer: ScriptedImporter/UnityEditor.QuickSearchModule:UnityEditor.Search:ASIAI0B' with importer (ScriptedImporter : UnityEditor.QuickSearchModule:UnityEditor.Search:ASIAI0B)
Imported 'GUID: 8f05276190cf498a8153f6cbe761d4e6' -> (Import Result ID: '9daf2f5f0e62794f2554d09c0c369cb4') in 0.010 seconds [static and dynamic dependencies]. Details - ImportResultOutputID=9493037cd7d9efbd7dfa1e8453d5509f DependenciesID=4a1d0b0f16ad7fe328dfb22866361d5f StaticDependenciesID=c27fa698fa1baf664b702a5566410b75 
Number of updated asset objects reloaded before import = 0
Number of asset objects unloaded after import = 1
========================================================================
Received Import Request.
  Time of request: 2026-08-17T07:16:23.9719834Z
  Time since last request: 0.0065078 seconds.
  importAddress: GUID: 7b32e8cacaf30a54ba3bfb9c5108e157 - Path: Assets/Models/Doctor/textures/Doctor_Packed2_Diffuse.png - Importer: ScriptedImporter/UnityEditor.QuickSearchModule:UnityEditor.Search:ASIAI0B
Importing 'GUID: 7b32e8cacaf30a54ba3bfb9c5108e157 - Path: Assets/Models/Doctor/textures/Doctor_Packed2_Diffuse.png - Importer: ScriptedImporter/UnityEditor.QuickSearchModule:UnityEditor.Search:ASIAI0B' with importer (ScriptedImporter : UnityEditor.QuickSearchModule:UnityEditor.Search:ASIAI0B)
Imported 'GUID: 7b32e8cacaf30a54ba3bfb9c5108e157' -> (Import Result ID: 'fc1c152d363809a4a5d133921d96b293') in 0.049 seconds [static and dynamic dependencies]. Details - ImportResultOutputID=f97492f9083b12d0ae929d51f88c4a9f DependenciesID=6c6eae19fd61651b88e7a545550eac74 StaticDependenciesID=914c1308d9fae7545cca4d2558a2d7f3 
Number of updated asset objects reloaded before import = 0
Number of asset objects unloaded after import = 1
========================================================================
Received Import Request.
  Time of request: 2026-08-17T07:16:24.0482484Z
  Time since last request: 0.0008323 seconds.
  importAddress: GUID: 19a47a1a975ddeb4992226a4867d9eb9 - Path: Assets/Lana Studio/Hyper Casual FX/Textures/Circle06.png - Importer: ScriptedImporter/UnityEditor.QuickSearchModule:UnityEditor.Search:ASIAI0B
Importing 'GUID: 19a47a1a975ddeb4992226a4867d9eb9 - Path: Assets/Lana Studio/Hyper Casual FX/Textures/Circle06.png - Importer: ScriptedImporter/UnityEditor.QuickSearchModule:UnityEditor.Search:ASIAI0B' with importer (ScriptedImporter : UnityEditor.QuickSearchModule:UnityEditor.Search:ASIAI0B)
Imported 'GUID: 19a47a1a975ddeb4992226a4867d9eb9' -> (Import Result ID: 'f132cacfa47cbe60c78f006609d3c663') in 0.021 seconds [static and dynamic dependencies]. Details - ImportResultOutputID=4ed6aaa96566c6fdcf358529412ad6ea DependenciesID=f9f9bfc92f8991cd81741cadfd280e50 StaticDependenciesID=70af6cee7b44a23114dba425a801c0c4 
Number of updated asset objects reloaded before import = 0
Number of asset objects unloaded after import = 3
========================================================================
Received Import Request.
  Time of request: 2026-08-17T07:16:24.0925071Z
  Time since last request: 0.0006045 seconds.
  importAddress: GUID: ec6785f19ac6c494a9957fa63f49fcf5 - Path: Assets/Standard Assets/Windows/Kinect/Activity.cs - Importer: ScriptedImporter/UnityEditor.QuickSearchModule:UnityEditor.Search:ASIAI0B
Importing 'GUID: ec6785f19ac6c494a9957fa63f49fcf5 - Path: Assets/Standard Assets/Windows/Kinect/Activity.cs - Importer: ScriptedImporter/UnityEditor.QuickSearchModule:UnityEditor.Search:ASIAI0B' with importer (ScriptedImporter : UnityEditor.QuickSearchModule:UnityEditor.Search:ASIAI0B)
Imported 'GUID: ec6785f19ac6c494a9957fa63f49fcf5' -> (Import Result ID: 'b96b7278f514e99e8472c15c6662bf4b') in 0.010 seconds [static and dynamic dependencies]. Details - ImportResultOutputID=8ce7bf67f3bb648cb6994760ff834422 DependenciesID=28f4b544184f1c8884dbb44390b55303 StaticDependenciesID=c2c253ed2dc3dda8d1351f3d5632150f 
Number of updated asset objects reloaded before import = 0
Number of asset objects unloaded after import = 0
========================================================================
Received Import Request.
  Time of request: 2026-08-17T07:16:24.1416708Z
  Time since last request: 0.0010343 seconds.
  importAddress: GUID: c1b77ffedb1987f43a8aeb4b0eecd391 - Path: Assets/Lana Studio/Hyper Casual FX/Textures/Flare02.png - Importer: ScriptedImporter/UnityEditor.QuickSearchModule:UnityEditor.Search:ASIAI0B
Importing 'GUID: c1b77ffedb1987f43a8aeb4b0eecd391 - Path: Assets/Lana Studio/Hyper Casual FX/Textures/Flare02.png - Importer: ScriptedImporter/UnityEditor.QuickSearchModule:UnityEditor.Search:ASIAI0B' with importer (ScriptedImporter : UnityEditor.QuickSearchModule:UnityEditor.Search:ASIAI0B)
Imported 'GUID: c1b77ffedb1987f43a8aeb4b0eecd391' -> (Import Result ID: '80ba21b0c8e971453c7d1a51ee13cbfe') in 0.027 seconds [static and dynamic dependencies]. Details - ImportResultOutputID=ab2b9602a55ec2e10e59ee1c3c5a1f10 DependenciesID=17bf81262225871337f9d5d43164cf4d StaticDependenciesID=0937aabf9a8c4081ef3a20cfd99d8f0a 
Number of updated asset objects reloaded before import = 0
Number of asset objects unloaded after import = 3
========================================================================
Received Import Request.
  Time of request: 2026-08-17T07:16:24.2038925Z
  Time since last request: 0.0007612 seconds.
  importAddress: GUID: 3cb8f4f7fb00dec4983f1070dbb145e3 - Path: Assets/Models/Doctor/textures/Doctor_Packed1_Opacity.png - Importer: ScriptedImporter/UnityEditor.QuickSearchModule:UnityEditor.Search:ASIAI0B
Importing 'GUID: 3cb8f4f7fb00dec4983f1070dbb145e3 - Path: Assets/Models/Doctor/textures/Doctor_Packed1_Opacity.png - Importer: ScriptedImporter/UnityEditor.QuickSearchModule:UnityEditor.Search:ASIAI0B' with importer (ScriptedImporter : UnityEditor.QuickSearchModule:UnityEditor.Search:ASIAI0B)
Imported 'GUID: 3cb8f4f7fb00dec4983f1070dbb145e3' -> (Import Result ID: '72e19c1237d1cbfbfa21c44737824f5c') in 0.039 seconds [static and dynamic dependencies]. Details - ImportResultOutputID=325d4290961b83b0b2ddb23edd47bc44 DependenciesID=6ef13b651e21fd202d3f543c2b6be75a StaticDependenciesID=46005365cec45dcea01f419bebc4f01f 
Number of updated asset objects reloaded before import = 0
Number of asset objects unloaded after import = 1
========================================================================
Received Import Request.
  Time of request: 2026-08-17T07:16:24.2747539Z
  Time since last request: 0.001013 seconds.
  importAddress: GUID: 99b70ef2b0acc4c44a556d238188bef2 - Path: Assets/Lana Studio/Hyper Casual FX/Textures/Star02.png - Importer: ScriptedImporter/UnityEditor.QuickSearchModule:UnityEditor.Search:ASIAI0B
Importing 'GUID: 99b70ef2b0acc4c44a556d238188bef2 - Path: Assets/Lana Studio/Hyper Casual FX/Textures/Star02.png - Importer: ScriptedImporter/UnityEditor.QuickSearchModule:UnityEditor.Search:ASIAI0B' with importer (ScriptedImporter : UnityEditor.QuickSearchModule:UnityEditor.Search:ASIAI0B)
Imported 'GUID: 99b70ef2b0acc4c44a556d238188bef2' -> (Import Result ID: '15d52137fe2b0fa6d944a1bc49fa7a7c') in 0.041 seconds [static and dynamic dependencies]. Details - ImportResultOutputID=b2af39072bdc621e7bec7d601a610c0c DependenciesID=0970009c44ddc143cfbb37d3a32915d6 StaticDependenciesID=cc50a957c9a3793f1079dc3824dad224 
Number of updated asset objects reloaded before import = 0
Number of asset objects unloaded after import = 3
========================================================================
Received Import Request.
  Time of request: 2026-08-17T07:16:24.3464366Z
  Time since last request: 0.0012288 seconds.
  importAddress: GUID: 5e61fec3f8e7bbb4c950b3641c53c1ce - Path: Assets/Lana Studio/Hyper Casual FX/Textures/Plus01.png - Importer: ScriptedImporter/UnityEditor.QuickSearchModule:UnityEditor.Search:ASIAI0B
Importing 'GUID: 5e61fec3f8e7bbb4c950b3641c53c1ce - Path: Assets/Lana Studio/Hyper Casual FX/Textures/Plus01.png - Importer: ScriptedImporter/UnityEditor.QuickSearchModule:UnityEditor.Search:ASIAI0B' with importer (ScriptedImporter : UnityEditor.QuickSearchModule:UnityEditor.Search:ASIAI0B)
Imported 'GUID: 5e61fec3f8e7bbb4c950b3641c53c1ce' -> (Import Result ID: '551a3d1794c791b9dc576ab29c593854') in 0.031 seconds [static and dynamic dependencies]. Details - ImportResultOutputID=e3d29572f5a2d0dfcbb56f88b605b943 DependenciesID=ab44065f6bb963738f4bf596f584949d StaticDependenciesID=d3a8585370146361f15171c5534e24c1 
Number of updated asset objects reloaded before import = 0
Number of asset objects unloaded after import = 3
========================================================================
Received Import Request.
  Time of request: 2026-08-17T07:16:24.409667Z
  Time since last request: 0.0005759 seconds.
  importAddress: GUID: 4424dda84344cd94489735f2f7bdfdbc - Path: Assets/Lana Studio/Hyper Casual FX/Textures/Star01.png - Importer: ScriptedImporter/UnityEditor.QuickSearchModule:UnityEditor.Search:ASIAI0B
Importing 'GUID: 4424dda84344cd94489735f2f7bdfdbc - Path: Assets/Lana Studio/Hyper Casual FX/Textures/Star01.png - Importer: ScriptedImporter/UnityEditor.QuickSearchModule:UnityEditor.Search:ASIAI0B' with importer (ScriptedImporter : UnityEditor.QuickSearchModule:UnityEditor.Search:ASIAI0B)
Imported 'GUID: 4424dda84344cd94489735f2f7bdfdbc' -> (Import Result ID: '9dd79d55ab1a54edcf7527f9d0c74d37') in 0.026 seconds [static and dynamic dependencies]. Details - ImportResultOutputID=9301bb2e88faa16b608beb5615588ec6 DependenciesID=f970f9a96317e195f7abec97a57d8197 StaticDependenciesID=f0cd85a0ff189b0280ad6b4891ed9579 
Number of updated asset objects reloaded before import = 0
Number of asset objects unloaded after import = 3
========================================================================
Received Import Request.
  Time of request: 2026-08-17T07:16:24.4627218Z
  Time since last request: 0.000625 seconds.
  importAddress: GUID: 892deaf2e1ee28e4cafd18112f565635 - Path: Assets/Lana Studio/Hyper Casual FX/Textures/Flare01.png - Importer: ScriptedImporter/UnityEditor.QuickSearchModule:UnityEditor.Search:ASIAI0B
Importing 'GUID: 892deaf2e1ee28e4cafd18112f565635 - Path: Assets/Lana Studio/Hyper Casual FX/Textures/Flare01.png - Importer: ScriptedImporter/UnityEditor.QuickSearchModule:UnityEditor.Search:ASIAI0B' with importer (ScriptedImporter : UnityEditor.QuickSearchModule:UnityEditor.Search:ASIAI0B)
Imported 'GUID: 892deaf2e1ee28e4cafd18112f565635' -> (Import Result ID: 'c3b63cb4c0dd9bb8cf721176de73d285') in 0.019 seconds [static and dynamic dependencies]. Details - ImportResultOutputID=ce9b1132dee179ec098bf42c7d5eceec DependenciesID=f7949dc47ddb7c51e1d52673d8069337 StaticDependenciesID=19fd296d586588e1648e78b6754b074c 
Number of updated asset objects reloaded before import = 0
Number of asset objects unloaded after import = 3
========================================================================
Received Import Request.
  Time of request: 2026-08-17T07:16:24.5088129Z
  Time since last request: 0.0007145 seconds.
  importAddress: GUID: 4579d2edf18f11b439456de0178ff2eb - Path: Assets/Lana Studio/Hyper Casual FX/Textures/Blast_spiky.png - Importer: ScriptedImporter/UnityEditor.QuickSearchModule:UnityEditor.Search:ASIAI0B
Importing 'GUID: 4579d2edf18f11b439456de0178ff2eb - Path: Assets/Lana Studio/Hyper Casual FX/Textures/Blast_spiky.png - Importer: ScriptedImporter/UnityEditor.QuickSearchModule:UnityEditor.Search:ASIAI0B' with importer (ScriptedImporter : UnityEditor.QuickSearchModule:UnityEditor.Search:ASIAI0B)
Imported 'GUID: 4579d2edf18f11b439456de0178ff2eb' -> (Import Result ID: 'abe942563129a86f25b6c68275211da2') in 0.027 seconds [static and dynamic dependencies]. Details - ImportResultOutputID=23be0d8358e4b61196b46461bb21aac2 DependenciesID=0b1407f99f63cb71c3a77bc8cc1546ff StaticDependenciesID=1f2b4dacfeab39bca2ae85d21f61beca 
Number of updated asset objects reloaded before import = 0
Number of asset objects unloaded after import = 3
========================================================================
Received Import Request.
  Time of request: 2026-08-17T07:16:24.5778013Z
  Time since last request: 0.0008652 seconds.
  importAddress: GUID: 0a1a9566ab96712498c27ba52a00fa3c - Path: Assets/Models/Doctor/textures/Doctor_Packed1_Normal.png - Importer: ScriptedImporter/UnityEditor.QuickSearchModule:UnityEditor.Search:ASIAI0B
Importing 'GUID: 0a1a9566ab96712498c27ba52a00fa3c - Path: Assets/Models/Doctor/textures/Doctor_Packed1_Normal.png - Importer: ScriptedImporter/UnityEditor.QuickSearchModule:UnityEditor.Search:ASIAI0B' with importer (ScriptedImporter : UnityEditor.QuickSearchModule:UnityEditor.Search:ASIAI0B)
Imported 'GUID: 0a1a9566ab96712498c27ba52a00fa3c' -> (Import Result ID: 'b54c2c8f8cb49b8fe27f728a8cc720a2') in 0.052 seconds [static and dynamic dependencies]. Details - ImportResultOutputID=f41c64d0e6d0e1c6f9fb3eaa27e181e5 DependenciesID=aaed1de8ba110a05e0f07b7340653269 StaticDependenciesID=aa16113ea12e0337d29347139ec8539c 
Number of updated asset objects reloaded before import = 0
Number of asset objects unloaded after import = 1
========================================================================
Received Import Request.
  Time of request: 2026-08-17T07:16:24.6596447Z
  Time since last request: 0.000818 seconds.
  importAddress: GUID: fe7ef6722da9a6d42b589d3f8b35b6f9 - Path: Assets/Standard Assets/Windows/Kinect/AudioBeamFrameList.cs - Importer: ScriptedImporter/UnityEditor.QuickSearchModule:UnityEditor.Search:ASIAI0B
Importing 'GUID: fe7ef6722da9a6d42b589d3f8b35b6f9 - Path: Assets/Standard Assets/Windows/Kinect/AudioBeamFrameList.cs - Importer: ScriptedImporter/UnityEditor.QuickSearchModule:UnityEditor.Search:ASIAI0B' with importer (ScriptedImporter : UnityEditor.QuickSearchModule:UnityEditor.Search:ASIAI0B)
Imported 'GUID: fe7ef6722da9a6d42b589d3f8b35b6f9' -> (Import Result ID: '0d6fce0139ca6f71075560a024b44a6c') in 0.006 seconds [static and dynamic dependencies]. Details - ImportResultOutputID=b824dc08b6ef1075f00e289c3e80536d DependenciesID=8cad5b250d2f3a2dd642dd5a22a3375d StaticDependenciesID=59c02e51772769aa754ee3f2dd170eb6 
Number of updated asset objects reloaded before import = 0
Number of asset objects unloaded after import = 0
========================================================================
Received Import Request.
  Time of request: 2026-08-17T07:16:24.7546737Z
  Time since last request: 0.0654345 seconds.
  importAddress: GUID: 0f717bd2a5c39cc43a49fc8904889932 - Path: Assets/Standard Assets/Windows/Data/PropertyChangedEventArgs.cs - Importer: ScriptedImporter/UnityEditor.QuickSearchModule:UnityEditor.Search:ASIAI0B
Importing 'GUID: 0f717bd2a5c39cc43a49fc8904889932 - Path: Assets/Standard Assets/Windows/Data/PropertyChangedEventArgs.cs - Importer: ScriptedImporter/UnityEditor.QuickSearchModule:UnityEditor.Search:ASIAI0B' with importer (ScriptedImporter : UnityEditor.QuickSearchModule:UnityEditor.Search:ASIAI0B)
Imported 'GUID: 0f717bd2a5c39cc43a49fc8904889932' -> (Import Result ID: 'c6975c28076dd0f2e23819d298a4e74b') in 0.010 seconds [static and dynamic dependencies]. Details - ImportResultOutputID=22a3f585b6b0231f8196162f89cb37d6 DependenciesID=ef3ce0f79fe09106fb3ef270c605bf2e StaticDependenciesID=a83c53d83b4f005336e4e770560b20f4 
Number of updated asset objects reloaded before import = 0
Number of asset objects unloaded after import = 0
========================================================================
Received Import Request.
  Time of request: 2026-08-17T07:16:24.7920881Z
  Time since last request: 0.0028677 seconds.
  importAddress: GUID: beaff2d80f886c04bbee441e52b721a4 - Path: Assets/Lana Studio/Hyper Casual FX/Textures/Square02.png - Importer: ScriptedImporter/UnityEditor.QuickSearchModule:UnityEditor.Search:ASIAI0B
Importing 'GUID: beaff2d80f886c04bbee441e52b721a4 - Path: Assets/Lana Studio/Hyper Casual FX/Textures/Square02.png - Importer: ScriptedImporter/UnityEditor.QuickSearchModule:UnityEditor.Search:ASIAI0B' with importer (ScriptedImporter : UnityEditor.QuickSearchModule:UnityEditor.Search:ASIAI0B)
Imported 'GUID: beaff2d80f886c04bbee441e52b721a4' -> (Import Result ID: 'f31dd705adbae841ad2f38564b723525') in 0.019 seconds [static and dynamic dependencies]. Details - ImportResultOutputID=190a844b61da7cde8f0fa3b4480b81d2 DependenciesID=f0f4f7a028af0aaa10e502ce85c7109d StaticDependenciesID=e744550519c16ba2a6ccc2c3316bc844 
Number of updated asset objects reloaded before import = 0
Number of asset objects unloaded after import = 3
========================================================================
Received Import Request.
  Time of request: 2026-08-17T07:16:24.849269Z
  Time since last request: 0.0007255 seconds.
  importAddress: GUID: 9208f0b907763a642ab2a0a4718fa2db - Path: Assets/Lana Studio/Hyper Casual FX/Textures/Circle03.png - Importer: ScriptedImporter/UnityEditor.QuickSearchModule:UnityEditor.Search:ASIAI0B
Importing 'GUID: 9208f0b907763a642ab2a0a4718fa2db - Path: Assets/Lana Studio/Hyper Casual FX/Textures/Circle03.png - Importer: ScriptedImporter/UnityEditor.QuickSearchModule:UnityEditor.Search:ASIAI0B' with importer (ScriptedImporter : UnityEditor.QuickSearchModule:UnityEditor.Search:ASIAI0B)
Imported 'GUID: 9208f0b907763a642ab2a0a4718fa2db' -> (Import Result ID: '6a621b6ced4be957943cf01ec653f465') in 0.029 seconds [static and dynamic dependencies]. Details - ImportResultOutputID=d736ac90b22f50f2529dfd83d0b19412 DependenciesID=45d19511abb5ea30b2762d504419038a StaticDependenciesID=a3f3a1277f8fe6f290345df14dac4737 
Number of updated asset objects reloaded before import = 0
Number of asset objects unloaded after import = 3
========================================================================
Received Import Request.
  Time of request: 2026-08-17T07:16:24.9057413Z
  Time since last request: 0.0004445 seconds.
  importAddress: GUID: d4ed2c24a7c24e3419b43faf029ce757 - Path: Assets/Lana Studio/Hyper Casual FX/Textures/Blast_directional.png - Importer: ScriptedImporter/UnityEditor.QuickSearchModule:UnityEditor.Search:ASIAI0B
Importing 'GUID: d4ed2c24a7c24e3419b43faf029ce757 - Path: Assets/Lana Studio/Hyper Casual FX/Textures/Blast_directional.png - Importer: ScriptedImporter/UnityEditor.QuickSearchModule:UnityEditor.Search:ASIAI0B' with importer (ScriptedImporter : UnityEditor.QuickSearchModule:UnityEditor.Search:ASIAI0B)
Imported 'GUID: d4ed2c24a7c24e3419b43faf029ce757' -> (Import Result ID: '157486e31ab1a9246d5bb97e78b9af4b') in 0.024 seconds [static and dynamic dependencies]. Details - ImportResultOutputID=b1e726a5550f4cfc5d0d46aef3c9b61d DependenciesID=84bec2c1c7af1139a23fedd02e938c83 StaticDependenciesID=dd2f4fd03b3f995f1a73f01e7eae3ae8 
Number of updated asset objects reloaded before import = 0
Number of asset objects unloaded after import = 3
========================================================================
Received Import Request.
  Time of request: 2026-08-17T07:16:24.9582987Z
  Time since last request: 0.0008038 seconds.
  importAddress: GUID: 738d0386f7ab1b242b3cca6cedcb2106 - Path: Assets/Lana Studio/Hyper Casual FX/Textures/Circle04.png - Importer: ScriptedImporter/UnityEditor.QuickSearchModule:UnityEditor.Search:ASIAI0B
Importing 'GUID: 738d0386f7ab1b242b3cca6cedcb2106 - Path: Assets/Lana Studio/Hyper Casual FX/Textures/Circle04.png - Importer: ScriptedImporter/UnityEditor.QuickSearchModule:UnityEditor.Search:ASIAI0B' with importer (ScriptedImporter : UnityEditor.QuickSearchModule:UnityEditor.Search:ASIAI0B)
Imported 'GUID: 738d0386f7ab1b242b3cca6cedcb2106' -> (Import Result ID: '20200d7bd633b17d9c2ec867d2628a8b') in 0.025 seconds [static and dynamic dependencies]. Details - ImportResultOutputID=1ec4a602bf82ec02f97c7c7708afd68b DependenciesID=aae2e312e88fa287860426051d7efcba StaticDependenciesID=3398237cea53eb56a509fafff5c3de29 
Number of updated asset objects reloaded before import = 0
Number of asset objects unloaded after import = 3
========================================================================
Received Import Request.
  Time of request: 2026-08-17T07:16:25.0065934Z
  Time since last request: 0.0005317 seconds.
  importAddress: GUID: 9735aca596243304a874ae5e8ae614e2 - Path: Assets/Models/Doctor/textures/Doctor_Packed2_Specular.png - Importer: ScriptedImporter/UnityEditor.QuickSearchModule:UnityEditor.Search:ASIAI0B
Importing 'GUID: 9735aca596243304a874ae5e8ae614e2 - Path: Assets/Models/Doctor/textures/Doctor_Packed2_Specular.png - Importer: ScriptedImporter/UnityEditor.QuickSearchModule:UnityEditor.Search:ASIAI0B' with importer (ScriptedImporter : UnityEditor.QuickSearchModule:UnityEditor.Search:ASIAI0B)
Imported 'GUID: 9735aca596243304a874ae5e8ae614e2' -> (Import Result ID: '9de09b193dd950b3fd9cf5b94ee5ff3d') in 0.070 seconds [static and dynamic dependencies]. Details - ImportResultOutputID=4d9c298d8549bbf2e03b3b092f001d7d DependenciesID=1ee20c0518df0180a3fad611e2f0e12b StaticDependenciesID=653f0952cdf47c4ede55bba84071cb9d 
Number of updated asset objects reloaded before import = 0
Number of asset objects unloaded after import = 1
========================================================================
Received Import Request.
  Time of request: 2026-08-17T07:16:25.1049515Z
  Time since last request: 0.001288 seconds.
  importAddress: GUID: 617537efb37f1ca489d45beb217fc238 - Path: Assets/Models/Doctor/textures/Doctor_Packed0_Diffuse.png - Importer: ScriptedImporter/UnityEditor.QuickSearchModule:UnityEditor.Search:ASIAI0B
Importing 'GUID: 617537efb37f1ca489d45beb217fc238 - Path: Assets/Models/Doctor/textures/Doctor_Packed0_Diffuse.png - Importer: ScriptedImporter/UnityEditor.QuickSearchModule:UnityEditor.Search:ASIAI0B' with importer (ScriptedImporter : UnityEditor.QuickSearchModule:UnityEditor.Search:ASIAI0B)
Imported 'GUID: 617537efb37f1ca489d45beb217fc238' -> (Import Result ID: 'f6d51934bef9a53d6dac9e1a5a58a572') in 0.039 seconds [static and dynamic dependencies]. Details - ImportResultOutputID=b1edccc4b699952dc224694c20c4c171 DependenciesID=967f82c02b83baadf15be2fae01112aa StaticDependenciesID=18efdc622f74eda4d5141edbc1ed9bf0 
Number of updated asset objects reloaded before import = 0
Number of asset objects unloaded after import = 1
========================================================================
Received Import Request.
  Time of request: 2026-08-17T07:16:25.1720951Z
  Time since last request: 0.0009069 seconds.
  importAddress: GUID: bb78a9668fb2c694881a216e349cb1e9 - Path: Assets/Standard Assets/Windows/Kinect/AudioBeamFrameArrivedEventArgs.cs - Importer: ScriptedImporter/UnityEditor.QuickSearchModule:UnityEditor.Search:ASIAI0B
Importing 'GUID: bb78a9668fb2c694881a216e349cb1e9 - Path: Assets/Standard Assets/Windows/Kinect/AudioBeamFrameArrivedEventArgs.cs - Importer: ScriptedImporter/UnityEditor.QuickSearchModule:UnityEditor.Search:ASIAI0B' with importer (ScriptedImporter : UnityEditor.QuickSearchModule:UnityEditor.Search:ASIAI0B)
Imported 'GUID: bb78a9668fb2c694881a216e349cb1e9' -> (Import Result ID: '664fef847e64d0862788e568f047cc43') in 0.006 seconds [static and dynamic dependencies]. Details - ImportResultOutputID=561b13d3b2d608fb537290a13e3e23d4 DependenciesID=9a8c18957613466f1ae4e0813087639d StaticDependenciesID=0699dfcc8a1822347991beb1c3cd2f39 
Number of updated asset objects reloaded before import = 0
Number of asset objects unloaded after import = 0
========================================================================
Received Import Request.
  Time of request: 2026-08-17T07:16:25.2071447Z
  Time since last request: 0.0007566 seconds.
  importAddress: GUID: a811bde74b26b53498b4f6d872b09b6d - Path: Assets/Plugins/Demigiant/DOTween/DOTween.dll - Importer: ScriptedImporter/UnityEditor.QuickSearchModule:UnityEditor.Search:ASIAI0B
Importing 'GUID: a811bde74b26b53498b4f6d872b09b6d - Path: Assets/Plugins/Demigiant/DOTween/DOTween.dll - Importer: ScriptedImporter/UnityEditor.QuickSearchModule:UnityEditor.Search:ASIAI0B' with importer (ScriptedImporter : UnityEditor.QuickSearchModule:UnityEditor.Search:ASIAI0B)
Imported 'GUID: a811bde74b26b53498b4f6d872b09b6d' -> (Import Result ID: 'a08a7a76a390fc61320f888e3c344c45') in 0.010 seconds [static and dynamic dependencies]. Details - ImportResultOutputID=c88084878286b80ab864e7c5f0ce46e3 DependenciesID=35d66ca03ce9399c41c1ae8364a293aa StaticDependenciesID=6c8126a332da566f7a6ddbce32f2f9fb 
Number of updated asset objects reloaded before import = 0
Number of asset objects unloaded after import = 0
========================================================================
Received Import Request.
  Time of request: 2026-08-17T07:16:25.243556Z
  Time since last request: 0.0010849 seconds.
  importAddress: GUID: 098eca53dfcb7b14989fd25bda5a8314 - Path: Assets/Lana Studio/Hyper Casual FX/Textures/Circle01.png - Importer: ScriptedImporter/UnityEditor.QuickSearchModule:UnityEditor.Search:ASIAI0B
Importing 'GUID: 098eca53dfcb7b14989fd25bda5a8314 - Path: Assets/Lana Studio/Hyper Casual FX/Textures/Circle01.png - Importer: ScriptedImporter/UnityEditor.QuickSearchModule:UnityEditor.Search:ASIAI0B' with importer (ScriptedImporter : UnityEditor.QuickSearchModule:UnityEditor.Search:ASIAI0B)
Imported 'GUID: 098eca53dfcb7b14989fd25bda5a8314' -> (Import Result ID: 'b3d5420c97654c31d9c7d50f0d3e4dc5') in 0.019 seconds [static and dynamic dependencies]. Details - ImportResultOutputID=d77610bb58a76295caa051c94fe0d0cb DependenciesID=b6293fcc81d75caf11124bfb315c3c7a StaticDependenciesID=4c81ab49489bc8a75a7fc0ea4600a65c 
Number of updated asset objects reloaded before import = 0
Number of asset objects unloaded after import = 3
========================================================================
Received Import Request.
  Time of request: 2026-08-17T07:16:25.290666Z
  Time since last request: 0.000514 seconds.
  importAddress: GUID: e64f7eb8de6f72e42874eb2ea7c01be5 - Path: Assets/Standard Assets/Windows/Kinect/AudioBeam.cs - Importer: ScriptedImporter/UnityEditor.QuickSearchModule:UnityEditor.Search:ASIAI0B
Importing 'GUID: e64f7eb8de6f72e42874eb2ea7c01be5 - Path: Assets/Standard Assets/Windows/Kinect/AudioBeam.cs - Importer: ScriptedImporter/UnityEditor.QuickSearchModule:UnityEditor.Search:ASIAI0B' with importer (ScriptedImporter : UnityEditor.QuickSearchModule:UnityEditor.Search:ASIAI0B)
Imported 'GUID: e64f7eb8de6f72e42874eb2ea7c01be5' -> (Import Result ID: '6f32fe0aba3c2b3e9a6270aecf4022e0') in 0.008 seconds [static and dynamic dependencies]. Details - ImportResultOutputID=c1fec825aa7a01647314c20e8782deeb DependenciesID=0b3067c09e61993845496eb8ae7ff91b StaticDependenciesID=a22bb67d8c0ca41d83d38202d7bd2f67 
Number of updated asset objects reloaded before import = 0
Number of asset objects unloaded after import = 0
========================================================================
Received Import Request.
  Time of request: 2026-08-17T07:16:25.3235667Z
  Time since last request: 0.0005151 seconds.
  importAddress: GUID: df51c172437a76942a0ec4a4f1438a8f - Path: Assets/Standard Assets/Windows/Kinect/AudioBeamFrameReader.cs - Importer: ScriptedImporter/UnityEditor.QuickSearchModule:UnityEditor.Search:ASIAI0B
Importing 'GUID: df51c172437a76942a0ec4a4f1438a8f - Path: Assets/Standard Assets/Windows/Kinect/AudioBeamFrameReader.cs - Importer: ScriptedImporter/UnityEditor.QuickSearchModule:UnityEditor.Search:ASIAI0B' with importer (ScriptedImporter : UnityEditor.QuickSearchModule:UnityEditor.Search:ASIAI0B)
Imported 'GUID: df51c172437a76942a0ec4a4f1438a8f' -> (Import Result ID: '63242364e65f14dfe56d82a6b849c9b5') in 0.006 seconds [static and dynamic dependencies]. Details - ImportResultOutputID=86efd7d3b1072980b2e4350bbe7ea73f DependenciesID=d6b111df68f336220a0b56394251d36b StaticDependenciesID=9634d5da6510a466230bb20717b652a1 
Number of updated asset objects reloaded before import = 0
Number of asset objects unloaded after import = 0
========================================================================
Received Import Request.
  Time of request: 2026-08-17T07:16:25.3651152Z
  Time since last request: 0.0008447 seconds.
  importAddress: GUID: fccfc62abf2eb0a4db614853430894fd - Path: Assets/Plugins/Demigiant/DOTween/readme.txt - Importer: ScriptedImporter/UnityEditor.QuickSearchModule:UnityEditor.Search:ASIAI0B
Importing 'GUID: fccfc62abf2eb0a4db614853430894fd - Path: Assets/Plugins/Demigiant/DOTween/readme.txt - Importer: ScriptedImporter/UnityEditor.QuickSearchModule:UnityEditor.Search:ASIAI0B' with importer (ScriptedImporter : UnityEditor.QuickSearchModule:UnityEditor.Search:ASIAI0B)
Imported 'GUID: fccfc62abf2eb0a4db614853430894fd' -> (Import Result ID: '1d9cc87cc6ff08c91370796f74d9b785') in 0.014 seconds [static and dynamic dependencies]. Details - ImportResultOutputID=1b0b4e9a6f4d986b47d35f10f9e1ea44 DependenciesID=d96d36b077b53a26e06cc9b0ff2c7bcc StaticDependenciesID=c765f308502f76770502b2a661c3953f 
Number of updated asset objects reloaded before import = 0
Number of asset objects unloaded after import = 1
========================================================================
Received Import Request.
  Time of request: 2026-08-17T07:16:25.4077202Z
  Time since last request: 0.0007563 seconds.
  importAddress: GUID: 1ad88c9c9b62b4e40af9d2d3db57588d - Path: Assets/Lana Studio/Hyper Casual FX/Textures/Gradient01.png - Importer: ScriptedImporter/UnityEditor.QuickSearchModule:UnityEditor.Search:ASIAI0B
Importing 'GUID: 1ad88c9c9b62b4e40af9d2d3db57588d - Path: Assets/Lana Studio/Hyper Casual FX/Textures/Gradient01.png - Importer: ScriptedImporter/UnityEditor.QuickSearchModule:UnityEditor.Search:ASIAI0B' with importer (ScriptedImporter : UnityEditor.QuickSearchModule:UnityEditor.Search:ASIAI0B)
Imported 'GUID: 1ad88c9c9b62b4e40af9d2d3db57588d' -> (Import Result ID: 'f9323b4d3bd21d8c8c9dc6077fdb2fad') in 0.023 seconds [static and dynamic dependencies]. Details - ImportResultOutputID=49aca5994cd1defbc79595796bbf46b3 DependenciesID=acb84935538c746533fb48a74b779b24 StaticDependenciesID=43075c7c7f90d50574af1c92ec711c3a 
Number of updated asset objects reloaded before import = 0
Number of asset objects unloaded after import = 3
========================================================================
Received Import Request.
  Time of request: 2026-08-17T07:16:25.4599497Z
  Time since last request: 0.0005527 seconds.
  importAddress: GUID: ccd3c6eb8020e97489da396bf552b3ee - Path: Assets/Lana Studio/Hyper Casual FX/Textures/Shockwave_spiky.png - Importer: ScriptedImporter/UnityEditor.QuickSearchModule:UnityEditor.Search:ASIAI0B
Importing 'GUID: ccd3c6eb8020e97489da396bf552b3ee - Path: Assets/Lana Studio/Hyper Casual FX/Textures/Shockwave_spiky.png - Importer: ScriptedImporter/UnityEditor.QuickSearchModule:UnityEditor.Search:ASIAI0B' with importer (ScriptedImporter : UnityEditor.QuickSearchModule:UnityEditor.Search:ASIAI0B)
Imported 'GUID: ccd3c6eb8020e97489da396bf552b3ee' -> (Import Result ID: '849f00e6d1fce740ca0375469fb30deb') in 0.027 seconds [static and dynamic dependencies]. Details - ImportResultOutputID=1508fbd7f8902c9e63f73ef76224ca8f DependenciesID=b51de3294687095096d60b2e2e036c09 StaticDependenciesID=681e344133f9e21d0c4dbf913854892e 
Number of updated asset objects reloaded before import = 0
Number of asset objects unloaded after import = 3
========================================================================
Received Import Request.
  Time of request: 2026-08-17T07:16:25.5221296Z
  Time since last request: 0.0008413 seconds.
  importAddress: GUID: 2de6a71b01a15e740a2fb488ab8a1b07 - Path: Assets/Standard Assets/Windows/Kinect/Body.cs - Importer: ScriptedImporter/UnityEditor.QuickSearchModule:UnityEditor.Search:ASIAI0B
Importing 'GUID: 2de6a71b01a15e740a2fb488ab8a1b07 - Path: Assets/Standard Assets/Windows/Kinect/Body.cs - Importer: ScriptedImporter/UnityEditor.QuickSearchModule:UnityEditor.Search:ASIAI0B' with importer (ScriptedImporter : UnityEditor.QuickSearchModule:UnityEditor.Search:ASIAI0B)
Imported 'GUID: 2de6a71b01a15e740a2fb488ab8a1b07' -> (Import Result ID: '91cddf81ed9ede72d47e1bedc3514497') in 0.005 seconds [static and dynamic dependencies]. Details - ImportResultOutputID=286054e827e8cf1ad1d90f2fbb439148 DependenciesID=eff0f3a826be54e3a32f34f68ec9d1d0 StaticDependenciesID=66daa91f7a876695f8c56e47f481da7a 
Number of updated asset objects reloaded before import = 0
Number of asset objects unloaded after import = 0
========================================================================
Received Import Request.
  Time of request: 2026-08-17T07:16:25.5532954Z
  Time since last request: 0.0007133 seconds.
  importAddress: GUID: 06f876f6235a1d344a050d0b576265f1 - Path: Assets/Models/Doctor/textures/Doctor_Packed0_Opacity.png - Importer: ScriptedImporter/UnityEditor.QuickSearchModule:UnityEditor.Search:ASIAI0B
Importing 'GUID: 06f876f6235a1d344a050d0b576265f1 - Path: Assets/Models/Doctor/textures/Doctor_Packed0_Opacity.png - Importer: ScriptedImporter/UnityEditor.QuickSearchModule:UnityEditor.Search:ASIAI0B' with importer (ScriptedImporter : UnityEditor.QuickSearchModule:UnityEditor.Search:ASIAI0B)
Imported 'GUID: 06f876f6235a1d344a050d0b576265f1' -> (Import Result ID: '3208f27fed04a89fdf2401146f742900') in 0.036 seconds [static and dynamic dependencies]. Details - ImportResultOutputID=1b94ef76500c5e384e88bd7db032559a DependenciesID=c9dad0b1135268a040bd6a3e53c6a10a StaticDependenciesID=27b2857ca0b974a3f7c48b5c03a55082 
Number of updated asset objects reloaded before import = 0
Number of asset objects unloaded after import = 1
========================================================================
Received Import Request.
  Time of request: 2026-08-17T07:16:25.6125408Z
  Time since last request: 0.0009195 seconds.
  importAddress: GUID: 8ff93fd69396b944ea1e0d067cf5b091 - Path: Assets/Standard Assets/Windows/Kinect/AudioBeamFrame.cs - Importer: ScriptedImporter/UnityEditor.QuickSearchModule:UnityEditor.Search:ASIAI0B
Importing 'GUID: 8ff93fd69396b944ea1e0d067cf5b091 - Path: Assets/Standard Assets/Windows/Kinect/AudioBeamFrame.cs - Importer: ScriptedImporter/UnityEditor.QuickSearchModule:UnityEditor.Search:ASIAI0B' with importer (ScriptedImporter : UnityEditor.QuickSearchModule:UnityEditor.Search:ASIAI0B)
Imported 'GUID: 8ff93fd69396b944ea1e0d067cf5b091' -> (Import Result ID: '36a41d22fe22f6fa6888007e34e7d533') in 0.010 seconds [static and dynamic dependencies]. Details - ImportResultOutputID=59e9035e4d3959d6aea575d82989080c DependenciesID=dbdd433c32b9ffba872a5091d9a4ba98 StaticDependenciesID=1848a66ce730faa528c9b87f5651c838 
Number of updated asset objects reloaded before import = 0
Number of asset objects unloaded after import = 0
========================================================================
Received Import Request.
  Time of request: 2026-08-17T07:16:25.6498193Z
  Time since last request: 0.000579 seconds.
  importAddress: GUID: 00eb0d9c4964c0b4f9e3090704ff7201 - Path: Assets/Standard Assets/Windows/Kinect/Appearance.cs - Importer: ScriptedImporter/UnityEditor.QuickSearchModule:UnityEditor.Search:ASIAI0B
Importing 'GUID: 00eb0d9c4964c0b4f9e3090704ff7201 - Path: Assets/Standard Assets/Windows/Kinect/Appearance.cs - Importer: ScriptedImporter/UnityEditor.QuickSearchModule:UnityEditor.Search:ASIAI0B' with importer (ScriptedImporter : UnityEditor.QuickSearchModule:UnityEditor.Search:ASIAI0B)
Imported 'GUID: 00eb0d9c4964c0b4f9e3090704ff7201' -> (Import Result ID: '255514d3ccc9be21ae610e2e9d066732') in 0.006 seconds [static and dynamic dependencies]. Details - ImportResultOutputID=acc9494e5b5d3713454a05a4fbbdb105 DependenciesID=0f76d7a4c43e7c832f6333faae1ea9d7 StaticDependenciesID=d872e455dce358c9dc33a669ae3c646e 
Number of updated asset objects reloaded before import = 0
Number of asset objects unloaded after import = 0
========================================================================
Received Import Request.
  Time of request: 2026-08-17T07:16:25.6852102Z
  Time since last request: 0.0007076 seconds.
  importAddress: GUID: 3679e372811a218438e365b6da52873c - Path: Assets/Standard Assets/Windows/Kinect/BodyFrameSource.cs - Importer: ScriptedImporter/UnityEditor.QuickSearchModule:UnityEditor.Search:ASIAI0B
Importing 'GUID: 3679e372811a218438e365b6da52873c - Path: Assets/Standard Assets/Windows/Kinect/BodyFrameSource.cs - Importer: ScriptedImporter/UnityEditor.QuickSearchModule:UnityEditor.Search:ASIAI0B' with importer (ScriptedImporter : UnityEditor.QuickSearchModule:UnityEditor.Search:ASIAI0B)
Imported 'GUID: 3679e372811a218438e365b6da52873c' -> (Import Result ID: '99d8bfb6cb1e1753d4af15e64a25cafd') in 0.007 seconds [static and dynamic dependencies]. Details - ImportResultOutputID=7042208ba62ff0ca77ba0e6444a1545c DependenciesID=da3049232564f452afd9ac70714b7bd0 StaticDependenciesID=6e28006837709be225a0f0d766009e20 
Number of updated asset objects reloaded before import = 0
Number of asset objects unloaded after import = 0
========================================================================
Received Import Request.
  Time of request: 2026-08-17T07:16:25.720646Z
  Time since last request: 0.0010331 seconds.
  importAddress: GUID: 0fe91384e0a914a4985b0cc2f1026a72 - Path: Assets/Standard Assets/Windows/Kinect/AudioBeamFrameReference.cs - Importer: ScriptedImporter/UnityEditor.QuickSearchModule:UnityEditor.Search:ASIAI0B
Importing 'GUID: 0fe91384e0a914a4985b0cc2f1026a72 - Path: Assets/Standard Assets/Windows/Kinect/AudioBeamFrameReference.cs - Importer: ScriptedImporter/UnityEditor.QuickSearchModule:UnityEditor.Search:ASIAI0B' with importer (ScriptedImporter : UnityEditor.QuickSearchModule:UnityEditor.Search:ASIAI0B)
Imported 'GUID: 0fe91384e0a914a4985b0cc2f1026a72' -> (Import Result ID: '47837c7be33b2c1326d75c454d302f32') in 0.009 seconds [static and dynamic dependencies]. Details - ImportResultOutputID=a5685e7516baaa83caa1c64477afbbf1 DependenciesID=c0a2ca1e2550270d746567b1fda8c360 StaticDependenciesID=bac3d11c50d11222a524496a2b9437db 
Number of updated asset objects reloaded before import = 0
Number of asset objects unloaded after import = 0
========================================================================
Received Import Request.
  Time of request: 2026-08-17T07:16:25.7592073Z
  Time since last request: 0.0007002 seconds.
  importAddress: GUID: e3bf3859145801247a7f6d4dcd90b2be - Path: Assets/Standard Assets/Windows/Kinect/AudioBeamSubFrame.cs - Importer: ScriptedImporter/UnityEditor.QuickSearchModule:UnityEditor.Search:ASIAI0B
Importing 'GUID: e3bf3859145801247a7f6d4dcd90b2be - Path: Assets/Standard Assets/Windows/Kinect/AudioBeamSubFrame.cs - Importer: ScriptedImporter/UnityEditor.QuickSearchModule:UnityEditor.Search:ASIAI0B' with importer (ScriptedImporter : UnityEditor.QuickSearchModule:UnityEditor.Search:ASIAI0B)
Imported 'GUID: e3bf3859145801247a7f6d4dcd90b2be' -> (Import Result ID: 'b85d3ad85c9c4b75d1a0ce8121cc62ab') in 0.011 seconds [static and dynamic dependencies]. Details - ImportResultOutputID=b4ea022fe84067173e8afd419920d61f DependenciesID=a7ec925e365dc552794ea85a3135396b StaticDependenciesID=0625a441bb2fa1fdc65432557aa20d56 
Number of updated asset objects reloaded before import = 0
Number of asset objects unloaded after import = 0
========================================================================
Received Import Request.
  Time of request: 2026-08-17T07:16:25.8018637Z
  Time since last request: 0.0008221 seconds.
  importAddress: GUID: ae34e1306c59ede4f8b9c9aee3551223 - Path: Assets/Lana Studio/Hyper Casual FX/Textures/spark01.png - Importer: ScriptedImporter/UnityEditor.QuickSearchModule:UnityEditor.Search:ASIAI0B
Importing 'GUID: ae34e1306c59ede4f8b9c9aee3551223 - Path: Assets/Lana Studio/Hyper Casual FX/Textures/spark01.png - Importer: ScriptedImporter/UnityEditor.QuickSearchModule:UnityEditor.Search:ASIAI0B' with importer (ScriptedImporter : UnityEditor.QuickSearchModule:UnityEditor.Search:ASIAI0B)
Imported 'GUID: ae34e1306c59ede4f8b9c9aee3551223' -> (Import Result ID: '6e2d5ed9686707482dea6cae1f1075a4') in 0.022 seconds [static and dynamic dependencies]. Details - ImportResultOutputID=41deb173ffa55716a1b457d3178e5c8c DependenciesID=a75818d578471459128cee32aebe7030 StaticDependenciesID=70d23473e5d37eccb05dd66907579fd9 
Number of updated asset objects reloaded before import = 0
Number of asset objects unloaded after import = 3
========================================================================
Received Import Request.
  Time of request: 2026-08-17T07:16:25.8520558Z
  Time since last request: 0.0007284 seconds.
  importAddress: GUID: 1f287bc065b7e7a4faa7cf96c175eabb - Path: Assets/Standard Assets/Windows/Kinect/AudioBeamMode.cs - Importer: ScriptedImporter/UnityEditor.QuickSearchModule:UnityEditor.Search:ASIAI0B
Importing 'GUID: 1f287bc065b7e7a4faa7cf96c175eabb - Path: Assets/Standard Assets/Windows/Kinect/AudioBeamMode.cs - Importer: ScriptedImporter/UnityEditor.QuickSearchModule:UnityEditor.Search:ASIAI0B' with importer (ScriptedImporter : UnityEditor.QuickSearchModule:UnityEditor.Search:ASIAI0B)
Imported 'GUID: 1f287bc065b7e7a4faa7cf96c175eabb' -> (Import Result ID: '7fecac840780a515d635ac7c2e366eac') in 0.007 seconds [static and dynamic dependencies]. Details - ImportResultOutputID=39397b1d27ea2d4c67f7f255357aec6e DependenciesID=6a0d1a2b68ae99094bccc6dd18357987 StaticDependenciesID=f0f2a0450019db8bdf0736f0c37c18c8 
Number of updated asset objects reloaded before import = 0
Number of asset objects unloaded after import = 0
========================================================================
Received Import Request.
  Time of request: 2026-08-17T07:16:25.8860546Z
  Time since last request: 0.0011795 seconds.
  importAddress: GUID: 7baf0a003bd9b194ba6e2b90f7ea114a - Path: Assets/Models/Doctor/textures/Doctor_Packed0_Specular.png - Importer: ScriptedImporter/UnityEditor.QuickSearchModule:UnityEditor.Search:ASIAI0B
Importing 'GUID: 7baf0a003bd9b194ba6e2b90f7ea114a - Path: Assets/Models/Doctor/textures/Doctor_Packed0_Specular.png - Importer: ScriptedImporter/UnityEditor.QuickSearchModule:UnityEditor.Search:ASIAI0B' with importer (ScriptedImporter : UnityEditor.QuickSearchModule:UnityEditor.Search:ASIAI0B)
Imported 'GUID: 7baf0a003bd9b194ba6e2b90f7ea114a' -> (Import Result ID: '65a8c7658311ea6e39d6f423bce89dce') in 0.038 seconds [static and dynamic dependencies]. Details - ImportResultOutputID=7ce620724f52a7bf61c2b38805f31797 DependenciesID=a64902a28ab04c3ec525618dd1c63388 StaticDependenciesID=2f1ab579cb3046be643bdfdb5ffb0106 
Number of updated asset objects reloaded before import = 0
Number of asset objects unloaded after import = 1
========================================================================
Received Import Request.
  Time of request: 2026-08-17T07:16:25.9494309Z
  Time since last request: 0.001776 seconds.
  importAddress: GUID: 31029a9c200fe984790d50a6d2875e32 - Path: Assets/Standard Assets/Windows/Kinect/BodyIndexFrame.cs - Importer: ScriptedImporter/UnityEditor.QuickSearchModule:UnityEditor.Search:ASIAI0B
Importing 'GUID: 31029a9c200fe984790d50a6d2875e32 - Path: Assets/Standard Assets/Windows/Kinect/BodyIndexFrame.cs - Importer: ScriptedImporter/UnityEditor.QuickSearchModule:UnityEditor.Search:ASIAI0B' with importer (ScriptedImporter : UnityEditor.QuickSearchModule:UnityEditor.Search:ASIAI0B)
Imported 'GUID: 31029a9c200fe984790d50a6d2875e32' -> (Import Result ID: 'b46cab39f0e6db5cd045e203b39ea9c1') in 0.005 seconds [static and dynamic dependencies]. Details - ImportResultOutputID=c85841d3eed4cb50735d7ddd4092700d DependenciesID=96aa01b85a8b7e47eb29d897ca226180 StaticDependenciesID=b2bfc2f37ee7d4e9eacccab22b07405a 
Number of updated asset objects reloaded before import = 0
Number of asset objects unloaded after import = 0
========================================================================
Received Import Request.
  Time of request: 2026-08-17T07:16:25.9849037Z
  Time since last request: 0.0015064 seconds.
  importAddress: GUID: a5fd1d31c7504cd4083d950f36ed7511 - Path: Assets/Lana Studio/Hyper Casual FX/Textures/confetti_large.png - Importer: ScriptedImporter/UnityEditor.QuickSearchModule:UnityEditor.Search:ASIAI0B
Importing 'GUID: a5fd1d31c7504cd4083d950f36ed7511 - Path: Assets/Lana Studio/Hyper Casual FX/Textures/confetti_large.png - Importer: ScriptedImporter/UnityEditor.QuickSearchModule:UnityEditor.Search:ASIAI0B' with importer (ScriptedImporter : UnityEditor.QuickSearchModule:UnityEditor.Search:ASIAI0B)
Imported 'GUID: a5fd1d31c7504cd4083d950f36ed7511' -> (Import Result ID: '5dbb4cfa709a3b50d9fd06fa1834e2d0') in 0.028 seconds [static and dynamic dependencies]. Details - ImportResultOutputID=d53b1aa71856ed27a641c9920f1f6da1 DependenciesID=fe5bf28246ea3f7e2fb77bfec0065cbd StaticDependenciesID=580b975fc00ff9df900913628493b751 
Number of updated asset objects reloaded before import = 0
Number of asset objects unloaded after import = 6
========================================================================
Received Import Request.
  Time of request: 2026-08-17T07:16:26.0367147Z
  Time since last request: 0.0004922 seconds.
  importAddress: GUID: 7f221a2efb03036429b23e6e78fe52d5 - Path: Assets/Lana Studio/Hyper Casual FX/Textures/Dust01.png - Importer: ScriptedImporter/UnityEditor.QuickSearchModule:UnityEditor.Search:ASIAI0B
Importing 'GUID: 7f221a2efb03036429b23e6e78fe52d5 - Path: Assets/Lana Studio/Hyper Casual FX/Textures/Dust01.png - Importer: ScriptedImporter/UnityEditor.QuickSearchModule:UnityEditor.Search:ASIAI0B' with importer (ScriptedImporter : UnityEditor.QuickSearchModule:UnityEditor.Search:ASIAI0B)
Imported 'GUID: 7f221a2efb03036429b23e6e78fe52d5' -> (Import Result ID: 'e8c723547a464ff58ff2b8360a923ba9') in 0.025 seconds [static and dynamic dependencies]. Details - ImportResultOutputID=9867038cebff072a930c536fef735bf0 DependenciesID=1580f8a78c328939228e3fabfd21008e StaticDependenciesID=53860cff91b37d763b1e4c2ca2127f84 
Number of updated asset objects reloaded before import = 0
Number of asset objects unloaded after import = 6
========================================================================
Received Import Request.
  Time of request: 2026-08-17T07:16:26.0910249Z
  Time since last request: 0.0005852 seconds.
  importAddress: GUID: 4f007001a22b3d24dae350342c4d19c8 - Path: Assets/Plugins/Demigiant/DOTween/DOTween.dll.mdb - Importer: ScriptedImporter/UnityEditor.QuickSearchModule:UnityEditor.Search:ASIAI0B
Importing 'GUID: 4f007001a22b3d24dae350342c4d19c8 - Path: Assets/Plugins/Demigiant/DOTween/DOTween.dll.mdb - Importer: ScriptedImporter/UnityEditor.QuickSearchModule:UnityEditor.Search:ASIAI0B' with importer (ScriptedImporter : UnityEditor.QuickSearchModule:UnityEditor.Search:ASIAI0B)
Imported 'GUID: 4f007001a22b3d24dae350342c4d19c8' -> (Import Result ID: '466cef46774bbf9745f5dd91ea13c2d2') in 0.008 seconds [static and dynamic dependencies]. Details - ImportResultOutputID=90cbb4ace5dea03bf4f9d6a246002361 DependenciesID=bedbfa8877918dbb914e29f3a3c5fdb2 StaticDependenciesID=6b44dfe95a34e6a38daf99fb3e43b1f5 
Number of updated asset objects reloaded before import = 0
Number of asset objects unloaded after import = 1
========================================================================
Received Import Request.
  Time of request: 2026-08-17T07:16:26.1261036Z
  Time since last request: 0.0008239 seconds.
  importAddress: GUID: 7adc59d9f41e6584d93cc21aa88bd34c - Path: Assets/Models/Doctor/textures/Doctor_Packed2_Opacity.png - Importer: ScriptedImporter/UnityEditor.QuickSearchModule:UnityEditor.Search:ASIAI0B
Importing 'GUID: 7adc59d9f41e6584d93cc21aa88bd34c - Path: Assets/Models/Doctor/textures/Doctor_Packed2_Opacity.png - Importer: ScriptedImporter/UnityEditor.QuickSearchModule:UnityEditor.Search:ASIAI0B' with importer (ScriptedImporter : UnityEditor.QuickSearchModule:UnityEditor.Search:ASIAI0B)
Curl error 28: Failed to connect to config.uca.cloud.unity3d.com port 443 after 21030 ms: Could not connect to server
Imported 'GUID: 7adc59d9f41e6584d93cc21aa88bd34c' -> (Import Result ID: 'f335ac463f41c732f4e9a1cd9888a880') in 0.052 seconds [static and dynamic dependencies]. Details - ImportResultOutputID=24b5e0fe752e8b024bf14b686352fda1 DependenciesID=af05be9df69793964b40c3492b3b02de StaticDependenciesID=fe9c059a6ffa21e92e2fa71879ffe79c 
Number of updated asset objects reloaded before import = 0
Number of asset objects unloaded after import = 1
========================================================================
Received Import Request.
  Time of request: 2026-08-17T07:16:26.2025899Z
  Time since last request: 0.0014923 seconds.
  importAddress: GUID: c03421af22a354a49bbfad526333cd66 - Path: Assets/Lana Studio/Hyper Casual FX/Textures/Square01.png - Importer: ScriptedImporter/UnityEditor.QuickSearchModule:UnityEditor.Search:ASIAI0B
Importing 'GUID: c03421af22a354a49bbfad526333cd66 - Path: Assets/Lana Studio/Hyper Casual FX/Textures/Square01.png - Importer: ScriptedImporter/UnityEditor.QuickSearchModule:UnityEditor.Search:ASIAI0B' with importer (ScriptedImporter : UnityEditor.QuickSearchModule:UnityEditor.Search:ASIAI0B)
Imported 'GUID: c03421af22a354a49bbfad526333cd66' -> (Import Result ID: 'a7d8778827490b7dfaf4f0d53859d895') in 0.021 seconds [static and dynamic dependencies]. Details - ImportResultOutputID=8234420755251b1cfee9478724ae84f3 DependenciesID=f87467b389ac04efe6596726b8d62a34 StaticDependenciesID=2f2378a609397065b16806f6e49989ce 
Number of updated asset objects reloaded before import = 0
Number of asset objects unloaded after import = 3
========================================================================
Received Import Request.
  Time of request: 2026-08-17T07:16:26.25306Z
  Time since last request: 0.0006103 seconds.
  importAddress: GUID: 94ea43556dfb347439e67a9da6005b9a - Path: Assets/Lana Studio/Hyper Casual FX/Textures/drop_green.png - Importer: ScriptedImporter/UnityEditor.QuickSearchModule:UnityEditor.Search:ASIAI0B
Importing 'GUID: 94ea43556dfb347439e67a9da6005b9a - Path: Assets/Lana Studio/Hyper Casual FX/Textures/drop_green.png - Importer: ScriptedImporter/UnityEditor.QuickSearchModule:UnityEditor.Search:ASIAI0B' with importer (ScriptedImporter : UnityEditor.QuickSearchModule:UnityEditor.Search:ASIAI0B)
Imported 'GUID: 94ea43556dfb347439e67a9da6005b9a' -> (Import Result ID: '9a9f6f52abb20904bdefefadda8f1af1') in 0.028 seconds [static and dynamic dependencies]. Details - ImportResultOutputID=8d0d4f03acfa54c2d894ba3071232d7c DependenciesID=c501c5c0fbaecec8f6fbebc946265b03 StaticDependenciesID=3061df0610225903e1fb3d7add48a93a 
Number of updated asset objects reloaded before import = 0
Number of asset objects unloaded after import = 3
========================================================================
Received Import Request.
  Time of request: 2026-08-17T07:16:26.3058269Z
  Time since last request: 0.0005779 seconds.
  importAddress: GUID: f12e3715b57390a47aeecc0046c6d6ff - Path: Assets/Standard Assets/Windows/Kinect/AudioBodyCorrelation.cs - Importer: ScriptedImporter/UnityEditor.QuickSearchModule:UnityEditor.Search:ASIAI0B
Importing 'GUID: f12e3715b57390a47aeecc0046c6d6ff - Path: Assets/Standard Assets/Windows/Kinect/AudioBodyCorrelation.cs - Importer: ScriptedImporter/UnityEditor.QuickSearchModule:UnityEditor.Search:ASIAI0B' with importer (ScriptedImporter : UnityEditor.QuickSearchModule:UnityEditor.Search:ASIAI0B)
Imported 'GUID: f12e3715b57390a47aeecc0046c6d6ff' -> (Import Result ID: '5951c111e6c6af8920b59e7d6ed61ddc') in 0.006 seconds [static and dynamic dependencies]. Details - ImportResultOutputID=fbd89f8e0a076dcbe8d3533e654af41b DependenciesID=0569fa825d2fab339727a5aa2b949dce StaticDependenciesID=39be03ca19bb9655fc5ff3077d5bdf49 
Number of updated asset objects reloaded before import = 0
Number of asset objects unloaded after import = 0
========================================================================
Received Import Request.
  Time of request: 2026-08-17T07:16:26.3384938Z
  Time since last request: 0.000673 seconds.
  importAddress: GUID: b27bcf37600cca24196520251965a496 - Path: Assets/Lana Studio/Hyper Casual FX/Textures/Circle02.png - Importer: ScriptedImporter/UnityEditor.QuickSearchModule:UnityEditor.Search:ASIAI0B
Importing 'GUID: b27bcf37600cca24196520251965a496 - Path: Assets/Lana Studio/Hyper Casual FX/Textures/Circle02.png - Importer: ScriptedImporter/UnityEditor.QuickSearchModule:UnityEditor.Search:ASIAI0B' with importer (ScriptedImporter : UnityEditor.QuickSearchModule:UnityEditor.Search:ASIAI0B)
Imported 'GUID: b27bcf37600cca24196520251965a496' -> (Import Result ID: '7a733e39216d5622878395eb04f0fb56') in 0.022 seconds [static and dynamic dependencies]. Details - ImportResultOutputID=a0db39f20bb596a2d5f3809818bde554 DependenciesID=4ace93f77c018a8660d768a60e7d0c93 StaticDependenciesID=76dcbe4ced33de9647f643020bee3539 
Number of updated asset objects reloaded before import = 0
Number of asset objects unloaded after import = 6
========================================================================
Received Import Request.
  Time of request: 2026-08-17T07:16:26.3840081Z
  Time since last request: 0.000697 seconds.
  importAddress: GUID: 5e4bcbaf759026e4aa009c3c728033cd - Path: Assets/Lana Studio/Hyper Casual FX/Textures/drop_blue.png - Importer: ScriptedImporter/UnityEditor.QuickSearchModule:UnityEditor.Search:ASIAI0B
Importing 'GUID: 5e4bcbaf759026e4aa009c3c728033cd - Path: Assets/Lana Studio/Hyper Casual FX/Textures/drop_blue.png - Importer: ScriptedImporter/UnityEditor.QuickSearchModule:UnityEditor.Search:ASIAI0B' with importer (ScriptedImporter : UnityEditor.QuickSearchModule:UnityEditor.Search:ASIAI0B)
Imported 'GUID: 5e4bcbaf759026e4aa009c3c728033cd' -> (Import Result ID: '3d95fc24129c3cfaa6553db4f796e415') in 0.021 seconds [static and dynamic dependencies]. Details - ImportResultOutputID=c071a1836e3423129edb1d7db09ec896 DependenciesID=7fb21310efc550e4547d94c7ee8b8ef8 StaticDependenciesID=112178d280c98b6ee71d50ec5c748b50 
Number of updated asset objects reloaded before import = 0
Number of asset objects unloaded after import = 3
========================================================================
Received Import Request.
  Time of request: 2026-08-17T07:16:26.4376254Z
  Time since last request: 0.0007304 seconds.
  importAddress: GUID: 1eeccdc15a58f3b4fad1a53ab3377661 - Path: Assets/Models/Doctor/textures/PackedMaterial2mat.mat - Importer: ScriptedImporter/UnityEditor.QuickSearchModule:UnityEditor.Search:ASIAI0B
Importing 'GUID: 1eeccdc15a58f3b4fad1a53ab3377661 - Path: Assets/Models/Doctor/textures/PackedMaterial2mat.mat - Importer: ScriptedImporter/UnityEditor.QuickSearchModule:UnityEditor.Search:ASIAI0B' with importer (ScriptedImporter : UnityEditor.QuickSearchModule:UnityEditor.Search:ASIAI0B)
Imported 'GUID: 1eeccdc15a58f3b4fad1a53ab3377661' -> (Import Result ID: '251b84611dbfbdfe1e0f41c9bab09c85') in 0.062 seconds [static and dynamic dependencies]. Details - ImportResultOutputID=eaf2d078dbeacc977b9a70734c3d67e9 DependenciesID=071dc24351d44fc1544767080d470071 StaticDependenciesID=167f50d8196c81256e2c303012f64bec 
Number of updated asset objects reloaded before import = 0
Number of asset objects unloaded after import = 4
========================================================================
Received Import Request.
  Time of request: 2026-08-17T07:16:26.5277519Z
  Time since last request: 0.0005916 seconds.
  importAddress: GUID: 094b3a32b705fa340921f3461b892470 - Path: Assets/Models/Doctor/textures/Doctor_Packed1_Specular.png - Importer: ScriptedImporter/UnityEditor.QuickSearchModule:UnityEditor.Search:ASIAI0B
Importing 'GUID: 094b3a32b705fa340921f3461b892470 - Path: Assets/Models/Doctor/textures/Doctor_Packed1_Specular.png - Importer: ScriptedImporter/UnityEditor.QuickSearchModule:UnityEditor.Search:ASIAI0B' with importer (ScriptedImporter : UnityEditor.QuickSearchModule:UnityEditor.Search:ASIAI0B)
Imported 'GUID: 094b3a32b705fa340921f3461b892470' -> (Import Result ID: '2f002afe77b4aabb12ec30f8d3afd01f') in 0.032 seconds [static and dynamic dependencies]. Details - ImportResultOutputID=d0cfc848b388d17044ca50aaea069928 DependenciesID=e64c64eb8b65947c7c9b076014ff365d StaticDependenciesID=ce571cd6fed54eadf580d9f67c315666 
Number of updated asset objects reloaded before import = 0
Number of asset objects unloaded after import = 1
========================================================================
Received Import Request.
  Time of request: 2026-08-17T07:16:26.5851362Z
  Time since last request: 0.000623 seconds.
  importAddress: GUID: 9a4522a1719ed6e4099dd535d78cbd14 - Path: Assets/Lana Studio/Hyper Casual FX/Textures/Flare03.png - Importer: ScriptedImporter/UnityEditor.QuickSearchModule:UnityEditor.Search:ASIAI0B
Importing 'GUID: 9a4522a1719ed6e4099dd535d78cbd14 - Path: Assets/Lana Studio/Hyper Casual FX/Textures/Flare03.png - Importer: ScriptedImporter/UnityEditor.QuickSearchModule:UnityEditor.Search:ASIAI0B' with importer (ScriptedImporter : UnityEditor.QuickSearchModule:UnityEditor.Search:ASIAI0B)
Imported 'GUID: 9a4522a1719ed6e4099dd535d78cbd14' -> (Import Result ID: '3ab886dee3d953425fe25f9ba28f3451') in 0.021 seconds [static and dynamic dependencies]. Details - ImportResultOutputID=cdf20333578d2a296113ff10fcdbdf63 DependenciesID=3015bb2aafcfe17d627b3a5a59fc4cd3 StaticDependenciesID=aad082d7011523a70992e98947578be7 
Number of updated asset objects reloaded before import = 0
Number of asset objects unloaded after import = 3
========================================================================
Received Import Request.
  Time of request: 2026-08-17T07:16:26.6336658Z
  Time since last request: 0.0005563 seconds.
  importAddress: GUID: bf04f30f380d18849b60d45ecaab22f6 - Path: Assets/Lana Studio/Hyper Casual FX/Textures/Ray01.png - Importer: ScriptedImporter/UnityEditor.QuickSearchModule:UnityEditor.Search:ASIAI0B
Importing 'GUID: bf04f30f380d18849b60d45ecaab22f6 - Path: Assets/Lana Studio/Hyper Casual FX/Textures/Ray01.png - Importer: ScriptedImporter/UnityEditor.QuickSearchModule:UnityEditor.Search:ASIAI0B' with importer (ScriptedImporter : UnityEditor.QuickSearchModule:UnityEditor.Search:ASIAI0B)
Imported 'GUID: bf04f30f380d18849b60d45ecaab22f6' -> (Import Result ID: '76c93e97239bf7b133c6f44368cf8649') in 0.031 seconds [static and dynamic dependencies]. Details - ImportResultOutputID=146ca682f4602cccfbf992e33d771a10 DependenciesID=fcf35ad16afb5795a323a63de20e4943 StaticDependenciesID=e5b0d958614236ad41168bf82362b85b 
Number of updated asset objects reloaded before import = 0
Number of asset objects unloaded after import = 3
========================================================================
Received Import Request.
  Time of request: 2026-08-17T07:16:26.6904695Z
  Time since last request: 0.0004739 seconds.
  importAddress: GUID: d705e66565949c24f98f9c16866f322c - Path: Assets/Models/Doctor/textures/PackedMaterial1mat.mat - Importer: ScriptedImporter/UnityEditor.QuickSearchModule:UnityEditor.Search:ASIAI0B
Importing 'GUID: d705e66565949c24f98f9c16866f322c - Path: Assets/Models/Doctor/textures/PackedMaterial1mat.mat - Importer: ScriptedImporter/UnityEditor.QuickSearchModule:UnityEditor.Search:ASIAI0B' with importer (ScriptedImporter : UnityEditor.QuickSearchModule:UnityEditor.Search:ASIAI0B)
Imported 'GUID: d705e66565949c24f98f9c16866f322c' -> (Import Result ID: '02383cac1fab8a89d026bcbf57ac63a0') in 0.037 seconds [static and dynamic dependencies]. Details - ImportResultOutputID=8b91fe0c85e7250c6098f4550e149e96 DependenciesID=51c43417d1f1d6aefd220421ebbed6db StaticDependenciesID=15f9b1f0f2aaac235dde6187d06c2537 
Number of updated asset objects reloaded before import = 0
Number of asset objects unloaded after import = 4
========================================================================
Received Import Request.
  Time of request: 2026-08-17T07:16:26.760532Z
  Time since last request: 0.0003126 seconds.
  importAddress: GUID: c0d8a5fe8adde8e419c6e8d01a6b252e - Path: Assets/Models/Doctor/textures/Doctor_Packed1_Diffuse.png - Importer: ScriptedImporter/UnityEditor.QuickSearchModule:UnityEditor.Search:ASIAI0B
Importing 'GUID: c0d8a5fe8adde8e419c6e8d01a6b252e - Path: Assets/Models/Doctor/textures/Doctor_Packed1_Diffuse.png - Importer: ScriptedImporter/UnityEditor.QuickSearchModule:UnityEditor.Search:ASIAI0B' with importer (ScriptedImporter : UnityEditor.QuickSearchModule:UnityEditor.Search:ASIAI0B)
Imported 'GUID: c0d8a5fe8adde8e419c6e8d01a6b252e' -> (Import Result ID: '3aec93c9d26f7ee21ce9e0c9376b6232') in 0.025 seconds [static and dynamic dependencies]. Details - ImportResultOutputID=eb3cdb0c525a258d468dce66317202d9 DependenciesID=bfb210e4f93b5fba08468e06c8076e37 StaticDependenciesID=3d39bd97046310587cda39adafe3c50f 
Number of updated asset objects reloaded before import = 0
Number of asset objects unloaded after import = 1
========================================================================
Received Import Request.
  Time of request: 2026-08-17T07:16:26.8121055Z
  Time since last request: 0.0007454 seconds.
  importAddress: GUID: aac8484148637eb40b3c4f34267f0a91 - Path: Assets/Models/Doctor/textures/Doctor_Packed0_Normal.png - Importer: ScriptedImporter/UnityEditor.QuickSearchModule:UnityEditor.Search:ASIAI0B
Importing 'GUID: aac8484148637eb40b3c4f34267f0a91 - Path: Assets/Models/Doctor/textures/Doctor_Packed0_Normal.png - Importer: ScriptedImporter/UnityEditor.QuickSearchModule:UnityEditor.Search:ASIAI0B' with importer (ScriptedImporter : UnityEditor.QuickSearchModule:UnityEditor.Search:ASIAI0B)
Imported 'GUID: aac8484148637eb40b3c4f34267f0a91' -> (Import Result ID: 'afb5a48b65bbb4a6cc857ab0419c9d19') in 0.051 seconds [static and dynamic dependencies]. Details - ImportResultOutputID=171757d9dce475e23f2be2d0b5dda1db DependenciesID=9c9a7309f3f8cc0b3b841583601cd7f4 StaticDependenciesID=70fc8185875785a4c59e7748aee62e35 
Number of updated asset objects reloaded before import = 0
Number of asset objects unloaded after import = 1
========================================================================
Received Import Request.
  Time of request: 2026-08-17T07:16:26.8933661Z
  Time since last request: 0.0007794 seconds.
  importAddress: GUID: cb60632e999b8d44cb5cfd848e264abf - Path: Assets/Standard Assets/Windows/Kinect/AudioSource.cs - Importer: ScriptedImporter/UnityEditor.QuickSearchModule:UnityEditor.Search:ASIAI0B
Importing 'GUID: cb60632e999b8d44cb5cfd848e264abf - Path: Assets/Standard Assets/Windows/Kinect/AudioSource.cs - Importer: ScriptedImporter/UnityEditor.QuickSearchModule:UnityEditor.Search:ASIAI0B' with importer (ScriptedImporter : UnityEditor.QuickSearchModule:UnityEditor.Search:ASIAI0B)
Imported 'GUID: cb60632e999b8d44cb5cfd848e264abf' -> (Import Result ID: 'd605e98039faabd5046e803574c93a6d') in 0.008 seconds [static and dynamic dependencies]. Details - ImportResultOutputID=dd4543e2e2cd2ec065c3dd03385f648f DependenciesID=995b63c5ceaf514d5ac94db6e06c9a71 StaticDependenciesID=118d13b2464df4551b8fd8704de32f5b 
Number of updated asset objects reloaded before import = 0
Number of asset objects unloaded after import = 0
========================================================================
Received Import Request.
  Time of request: 2026-08-17T07:16:26.9295814Z
  Time since last request: 0.0006358 seconds.
  importAddress: GUID: fa7777da9f2101d4898e23c5e4b0010d - Path: Assets/Lana Studio/Hyper Casual FX/Textures/drop.png - Importer: ScriptedImporter/UnityEditor.QuickSearchModule:UnityEditor.Search:ASIAI0B
Importing 'GUID: fa7777da9f2101d4898e23c5e4b0010d - Path: Assets/Lana Studio/Hyper Casual FX/Textures/drop.png - Importer: ScriptedImporter/UnityEditor.QuickSearchModule:UnityEditor.Search:ASIAI0B' with importer (ScriptedImporter : UnityEditor.QuickSearchModule:UnityEditor.Search:ASIAI0B)
Imported 'GUID: fa7777da9f2101d4898e23c5e4b0010d' -> (Import Result ID: 'aec336ec3156484bb9f2e5e991a0e502') in 0.023 seconds [static and dynamic dependencies]. Details - ImportResultOutputID=73bf4d8375961ae9d4cafa795ebe35b4 DependenciesID=de5638349adc1bc929e3add0babbaad4 StaticDependenciesID=73111331c52e02f127f3eb5a1cd9bd49 
Number of updated asset objects reloaded before import = 0
Number of asset objects unloaded after import = 3
========================================================================
Received Import Request.
  Time of request: 2026-08-17T07:16:26.982303Z
  Time since last request: 0.0013311 seconds.
  importAddress: GUID: d0af66a9d145d5f438be94e94354e0e4 - Path: Assets/Lana Studio/Hyper Casual FX/Textures/Circle05.png - Importer: ScriptedImporter/UnityEditor.QuickSearchModule:UnityEditor.Search:ASIAI0B
Importing 'GUID: d0af66a9d145d5f438be94e94354e0e4 - Path: Assets/Lana Studio/Hyper Casual FX/Textures/Circle05.png - Importer: ScriptedImporter/UnityEditor.QuickSearchModule:UnityEditor.Search:ASIAI0B' with importer (ScriptedImporter : UnityEditor.QuickSearchModule:UnityEditor.Search:ASIAI0B)
Imported 'GUID: d0af66a9d145d5f438be94e94354e0e4' -> (Import Result ID: 'd30e97e00f81f4d82c5863671529b476') in 0.018 seconds [static and dynamic dependencies]. Details - ImportResultOutputID=f59bf6fae0b6c86e45809d94df6f8ef4 DependenciesID=076d44df65093cb65963fd251da5e84c StaticDependenciesID=c7c97426b2ab7975a0144fec8e4396df 
Number of updated asset objects reloaded before import = 0
Number of asset objects unloaded after import = 3
========================================================================
Received Import Request.
  Time of request: 2026-08-17T07:16:27.0259731Z
  Time since last request: 0.0003559 seconds.
  importAddress: GUID: 676ce9850965f6d4fad5e20fa2a8da30 - Path: Assets/Standard Assets/Windows/Kinect/BodyFrameArrivedEventArgs.cs - Importer: ScriptedImporter/UnityEditor.QuickSearchModule:UnityEditor.Search:ASIAI0B
Importing 'GUID: 676ce9850965f6d4fad5e20fa2a8da30 - Path: Assets/Standard Assets/Windows/Kinect/BodyFrameArrivedEventArgs.cs - Importer: ScriptedImporter/UnityEditor.QuickSearchModule:UnityEditor.Search:ASIAI0B' with importer (ScriptedImporter : UnityEditor.QuickSearchModule:UnityEditor.Search:ASIAI0B)
Imported 'GUID: 676ce9850965f6d4fad5e20fa2a8da30' -> (Import Result ID: '7bfcc36cf325fd3805b929d1bf7c1e8b') in 0.008 seconds [static and dynamic dependencies]. Details - ImportResultOutputID=5fe151ba4a07a5f07dc7f82bb0089627 DependenciesID=f59192bae79aac1b5c69802b7e3aa3dc StaticDependenciesID=1d79f841ea5c0ab2afa822bd118b86a1 
Number of updated asset objects reloaded before import = 0
Number of asset objects unloaded after import = 0
========================================================================
Received Import Request.
  Time of request: 2026-08-17T07:16:27.0558519Z
  Time since last request: 0.0006265 seconds.
  importAddress: GUID: 34192c5e0d14aee43a0e86cc4823268a - Path: Assets/Plugins/Demigiant/DOTween/DOTween.XML - Importer: ScriptedImporter/UnityEditor.QuickSearchModule:UnityEditor.Search:ASIAI0B
Importing 'GUID: 34192c5e0d14aee43a0e86cc4823268a - Path: Assets/Plugins/Demigiant/DOTween/DOTween.XML - Importer: ScriptedImporter/UnityEditor.QuickSearchModule:UnityEditor.Search:ASIAI0B' with importer (ScriptedImporter : UnityEditor.QuickSearchModule:UnityEditor.Search:ASIAI0B)
Imported 'GUID: 34192c5e0d14aee43a0e86cc4823268a' -> (Import Result ID: '71e08edb0aae9d5a9820e76069813254') in 0.011 seconds [static and dynamic dependencies]. Details - ImportResultOutputID=fc0b31a1711f11db72186f8a5fcd76e6 DependenciesID=6401d03a4f620e03f6a9dc28347f4273 StaticDependenciesID=cd62dbebfcefb6cea06f15632b2dd5ea 
Number of updated asset objects reloaded before import = 0
Number of asset objects unloaded after import = 1
========================================================================
Received Import Request.
  Time of request: 2026-08-17T07:16:27.093819Z
  Time since last request: 0.0006173 seconds.
  importAddress: GUID: 8cd97429a02f842478239c188f20236b - Path: Assets/Models/Doctor/textures/Doctor_Packed2_Normal.png - Importer: ScriptedImporter/UnityEditor.QuickSearchModule:UnityEditor.Search:ASIAI0B
Importing 'GUID: 8cd97429a02f842478239c188f20236b - Path: Assets/Models/Doctor/textures/Doctor_Packed2_Normal.png - Importer: ScriptedImporter/UnityEditor.QuickSearchModule:UnityEditor.Search:ASIAI0B' with importer (ScriptedImporter : UnityEditor.QuickSearchModule:UnityEditor.Search:ASIAI0B)
Imported 'GUID: 8cd97429a02f842478239c188f20236b' -> (Import Result ID: '223809d1608940787f88bb15ee3832c9') in 0.027 seconds [static and dynamic dependencies]. Details - ImportResultOutputID=99d2d9a1b1aca8afd5ea0ac4eacbc056 DependenciesID=f0559c79ed61cc422ba709736565b696 StaticDependenciesID=6e5bc9e2261034a020682a91514f6dc5 
Number of updated asset objects reloaded before import = 0
Number of asset objects unloaded after import = 1
========================================================================
Received Import Request.
  Time of request: 2026-08-17T07:16:27.1463686Z
  Time since last request: 0.000643 seconds.
  importAddress: GUID: 3af2f300d248d614eb0f026c16be6e51 - Path: Assets/Standard Assets/Windows/Kinect/BodyFrameReader.cs - Importer: ScriptedImporter/UnityEditor.QuickSearchModule:UnityEditor.Search:ASIAI0B
Importing 'GUID: 3af2f300d248d614eb0f026c16be6e51 - Path: Assets/Standard Assets/Windows/Kinect/BodyFrameReader.cs - Importer: ScriptedImporter/UnityEditor.QuickSearchModule:UnityEditor.Search:ASIAI0B' with importer (ScriptedImporter : UnityEditor.QuickSearchModule:UnityEditor.Search:ASIAI0B)
Imported 'GUID: 3af2f300d248d614eb0f026c16be6e51' -> (Import Result ID: 'd64eef34538a0828c3622c2baee5c056') in 0.021 seconds [static and dynamic dependencies]. Details - ImportResultOutputID=cd3b0564778710800e6e047b883b7c96 DependenciesID=a27fbe349f5d89582d28446541236180 StaticDependenciesID=dfe84ca1dbf75dd4e79810b4300fe76f 
Number of updated asset objects reloaded before import = 0
Number of asset objects unloaded after import = 0
========================================================================
Received Import Request.
  Time of request: 2026-08-17T07:16:27.1990155Z
  Time since last request: 0.0033068 seconds.
  importAddress: GUID: 083a7736def5ad3429a51cc96a6c4564 - Path: Assets/Standard Assets/Windows/Kinect/BodyFrameReference.cs - Importer: ScriptedImporter/UnityEditor.QuickSearchModule:UnityEditor.Search:ASIAI0B
Importing 'GUID: 083a7736def5ad3429a51cc96a6c4564 - Path: Assets/Standard Assets/Windows/Kinect/BodyFrameReference.cs - Importer: ScriptedImporter/UnityEditor.QuickSearchModule:UnityEditor.Search:ASIAI0B' with importer (ScriptedImporter : UnityEditor.QuickSearchModule:UnityEditor.Search:ASIAI0B)
Imported 'GUID: 083a7736def5ad3429a51cc96a6c4564' -> (Import Result ID: '74dddeb2337831e77b79026d8765ce30') in 0.007 seconds [static and dynamic dependencies]. Details - ImportResultOutputID=6b4afd57e33f6a4cc23382472295a73e DependenciesID=5ed6bd220ad4145f23321392e4d6ba23 StaticDependenciesID=1afee143bab94bdeaf703461f4e45d08 
Number of updated asset objects reloaded before import = 0
Number of asset objects unloaded after import = 0
========================================================================
Received Import Request.
  Time of request: 2026-08-17T07:16:27.2358932Z
  Time since last request: 0.0005499 seconds.
  importAddress: GUID: 19d23b65a55461b4c8fcfc815e9a8be5 - Path: Assets/Standard Assets/Windows/Kinect/BodyFrame.cs - Importer: ScriptedImporter/UnityEditor.QuickSearchModule:UnityEditor.Search:ASIAI0B
Importing 'GUID: 19d23b65a55461b4c8fcfc815e9a8be5 - Path: Assets/Standard Assets/Windows/Kinect/BodyFrame.cs - Importer: ScriptedImporter/UnityEditor.QuickSearchModule:UnityEditor.Search:ASIAI0B' with importer (ScriptedImporter : UnityEditor.QuickSearchModule:UnityEditor.Search:ASIAI0B)
Imported 'GUID: 19d23b65a55461b4c8fcfc815e9a8be5' -> (Import Result ID: '15dec6c662323761d94d66ac3cad6e90') in 0.005 seconds [static and dynamic dependencies]. Details - ImportResultOutputID=45ffe553e65f44c85b7249fdc24672a5 DependenciesID=0fdddbf49eaf9f05b659c1ba7dde45f3 StaticDependenciesID=d6670148c85ba3d941f100bb82dfc9e9 
Number of updated asset objects reloaded before import = 0
Number of asset objects unloaded after import = 0
========================================================================
Received Import Request.
  Time of request: 2026-08-17T07:16:27.2668179Z
  Time since last request: 0.0008016 seconds.
  importAddress: GUID: cb4d1a29a5e2f3f4c8157442d40adc2a - Path: Assets/Models/Doctor/textures/PackedMaterial0mat.mat - Importer: ScriptedImporter/UnityEditor.QuickSearchModule:UnityEditor.Search:ASIAI0B
Importing 'GUID: cb4d1a29a5e2f3f4c8157442d40adc2a - Path: Assets/Models/Doctor/textures/PackedMaterial0mat.mat - Importer: ScriptedImporter/UnityEditor.QuickSearchModule:UnityEditor.Search:ASIAI0B' with importer (ScriptedImporter : UnityEditor.QuickSearchModule:UnityEditor.Search:ASIAI0B)
Imported 'GUID: cb4d1a29a5e2f3f4c8157442d40adc2a' -> (Import Result ID: '71220157e1fd8b79c0c3897f6d00aaaa') in 0.021 seconds [static and dynamic dependencies]. Details - ImportResultOutputID=78995bf233c0790c829dfa61dede931f DependenciesID=ec36acfbccc0396c0ca64fee8284c7cb StaticDependenciesID=639d713a46be3d6c817baf51f85bd9de 
Number of updated asset objects reloaded before import = 0
Number of asset objects unloaded after import = 4
========================================================================
Received Import Request.
  Time of request: 2026-08-17T07:16:27.3469735Z
  Time since last request: 0.0338164 seconds.
  importAddress: GUID: c6ab2966f653a9b439da02f3ae85c867 - Path: Assets/Standard Assets/Windows/Kinect/Joint.cs - Importer: ScriptedImporter/UnityEditor.QuickSearchModule:UnityEditor.Search:ASIAI0B
Importing 'GUID: c6ab2966f653a9b439da02f3ae85c867 - Path: Assets/Standard Assets/Windows/Kinect/Joint.cs - Importer: ScriptedImporter/UnityEditor.QuickSearchModule:UnityEditor.Search:ASIAI0B' with importer (ScriptedImporter : UnityEditor.QuickSearchModule:UnityEditor.Search:ASIAI0B)
Imported 'GUID: c6ab2966f653a9b439da02f3ae85c867' -> (Import Result ID: '593d27401adcc6263df9b4e637a71390') in 0.008 seconds [static and dynamic dependencies]. Details - ImportResultOutputID=491ae806a5f203e3b5928d93af6f01b3 DependenciesID=ee673eface34b1545ac59c29670e3861 StaticDependenciesID=3b9b2fc81e811767c23c2b31c0a52c7e 
Number of updated asset objects reloaded before import = 0
Number of asset objects unloaded after import = 0
========================================================================
Received Import Request.
  Time of request: 2026-08-17T07:16:27.3855394Z
  Time since last request: 0.0010551 seconds.
  importAddress: GUID: 87d856dfd833c524381664b12e58813a - Path: Assets/Standard Assets/Windows/Kinect/KinectAudioCalibrationState.cs - Importer: ScriptedImporter/UnityEditor.QuickSearchModule:UnityEditor.Search:ASIAI0B
Importing 'GUID: 87d856dfd833c524381664b12e58813a - Path: Assets/Standard Assets/Windows/Kinect/KinectAudioCalibrationState.cs - Importer: ScriptedImporter/UnityEditor.QuickSearchModule:UnityEditor.Search:ASIAI0B' with importer (ScriptedImporter : UnityEditor.QuickSearchModule:UnityEditor.Search:ASIAI0B)
Imported 'GUID: 87d856dfd833c524381664b12e58813a' -> (Import Result ID: 'de3689572e3a7ecc9da0d88609ccb2a8') in 0.005 seconds [static and dynamic dependencies]. Details - ImportResultOutputID=6957d926bb536e755d67bf183fa46d3f DependenciesID=b6817944359a35189d772fa04de1e9b2 StaticDependenciesID=66b7369c6a1a658b232e3c9d3bf3c3b5 
Number of updated asset objects reloaded before import = 0
Number of asset objects unloaded after import = 0
========================================================================
Received Import Request.
  Time of request: 2026-08-17T07:16:27.4166093Z
  Time since last request: 0.0008351 seconds.
  importAddress: GUID: 89acda427f65cc64dbe156710db8760f - Path: Assets/Standard Assets/Windows/Kinect/InfraredFrameReference.cs - Importer: ScriptedImporter/UnityEditor.QuickSearchModule:UnityEditor.Search:ASIAI0B
Importing 'GUID: 89acda427f65cc64dbe156710db8760f - Path: Assets/Standard Assets/Windows/Kinect/InfraredFrameReference.cs - Importer: ScriptedImporter/UnityEditor.QuickSearchModule:UnityEditor.Search:ASIAI0B' with importer (ScriptedImporter : UnityEditor.QuickSearchModule:UnityEditor.Search:ASIAI0B)
Imported 'GUID: 89acda427f65cc64dbe156710db8760f' -> (Import Result ID: '5b11549dd39bab0a282a7b0299c12f5c') in 0.007 seconds [static and dynamic dependencies]. Details - ImportResultOutputID=c907a6277f66b48c71ed6a22802b3803 DependenciesID=2ffe4bbe831be08dcd54eb27ec58f9f2 StaticDependenciesID=9e81acc163c8c1f1e7965e7f9755360b 
Number of updated asset objects reloaded before import = 0
Number of asset objects unloaded after import = 0
========================================================================
Received Import Request.
  Time of request: 2026-08-17T07:16:27.4512689Z
  Time since last request: 0.0006621 seconds.
  importAddress: GUID: 01a6b15a14e40c046822384df4b30a3f - Path: Assets/Lana Studio/Hyper Casual FX/Demo/Animations/SwitchFX_1.2s.controller - Importer: ScriptedImporter/UnityEditor.QuickSearchModule:UnityEditor.Search:ASIAI0B
Importing 'GUID: 01a6b15a14e40c046822384df4b30a3f - Path: Assets/Lana Studio/Hyper Casual FX/Demo/Animations/SwitchFX_1.2s.controller - Importer: ScriptedImporter/UnityEditor.QuickSearchModule:UnityEditor.Search:ASIAI0B' with importer (ScriptedImporter : UnityEditor.QuickSearchModule:UnityEditor.Search:ASIAI0B)
Imported 'GUID: 01a6b15a14e40c046822384df4b30a3f' -> (Import Result ID: 'ad6e5e7fbbd82c782f8057edad92a0f9') in 0.014 seconds [static and dynamic dependencies]. Details - ImportResultOutputID=8b3bdfc309ef5cd781ff4896734fbd2c DependenciesID=4cad494e175852fac016dac8d3482ad5 StaticDependenciesID=46893aa67ba30ad0cd8dd213166244b8 
Number of updated asset objects reloaded before import = 0
Number of asset objects unloaded after import = 4
========================================================================
Received Import Request.
  Time of request: 2026-08-17T07:16:27.4952917Z
  Time since last request: 0.0004153 seconds.
  importAddress: GUID: 0a9ba9eb393e51241bb15db5d3bf3390 - Path: Assets/Standard Assets/Windows/Kinect/BodyIndexFrameReader.cs - Importer: ScriptedImporter/UnityEditor.QuickSearchModule:UnityEditor.Search:ASIAI0B
Importing 'GUID: 0a9ba9eb393e51241bb15db5d3bf3390 - Path: Assets/Standard Assets/Windows/Kinect/BodyIndexFrameReader.cs - Importer: ScriptedImporter/UnityEditor.QuickSearchModule:UnityEditor.Search:ASIAI0B' with importer (ScriptedImporter : UnityEditor.QuickSearchModule:UnityEditor.Search:ASIAI0B)
Imported 'GUID: 0a9ba9eb393e51241bb15db5d3bf3390' -> (Import Result ID: '82ffadb5a9ca36449f1f70e23f3c4edb') in 0.010 seconds [static and dynamic dependencies]. Details - ImportResultOutputID=37d60c41a4ef3379338d9c461953a15e DependenciesID=e29f24f73fb52ca524fa7042acf968fa StaticDependenciesID=e35d38745c341e1bb9b91651b4510760 
Number of updated asset objects reloaded before import = 0
Number of asset objects unloaded after import = 0
========================================================================
Received Import Request.
  Time of request: 2026-08-17T07:16:27.5449435Z
  Time since last request: 0.0007586 seconds.
  importAddress: GUID: cdcf249c89943864ca06ab517b1d74f5 - Path: Assets/Standard Assets/Windows/Kinect/LongExposureInfraredFrameSource.cs - Importer: ScriptedImporter/UnityEditor.QuickSearchModule:UnityEditor.Search:ASIAI0B
Importing 'GUID: cdcf249c89943864ca06ab517b1d74f5 - Path: Assets/Standard Assets/Windows/Kinect/LongExposureInfraredFrameSource.cs - Importer: ScriptedImporter/UnityEditor.QuickSearchModule:UnityEditor.Search:ASIAI0B' with importer (ScriptedImporter : UnityEditor.QuickSearchModule:UnityEditor.Search:ASIAI0B)
Imported 'GUID: cdcf249c89943864ca06ab517b1d74f5' -> (Import Result ID: '11ab5d3b191bb65eb762e5e0604b85f4') in 0.011 seconds [static and dynamic dependencies]. Details - ImportResultOutputID=596e113683578cedb9ad0730024e4b4e DependenciesID=7092bbb998b5eacd3ae364aadcb3c515 StaticDependenciesID=b3ae83e7dbcd7dc9782cb3bbc128669f 
Number of updated asset objects reloaded before import = 0
Number of asset objects unloaded after import = 0
========================================================================
Received Import Request.
  Time of request: 2026-08-17T07:16:27.5879081Z
  Time since last request: 0.0061668 seconds.
  importAddress: GUID: 855fcb405500ab14b8902d15d27ed0ab - Path: Assets/Standard Assets/Windows/Kinect/FrameDescription.cs - Importer: ScriptedImporter/UnityEditor.QuickSearchModule:UnityEditor.Search:ASIAI0B
Importing 'GUID: 855fcb405500ab14b8902d15d27ed0ab - Path: Assets/Standard Assets/Windows/Kinect/FrameDescription.cs - Importer: ScriptedImporter/UnityEditor.QuickSearchModule:UnityEditor.Search:ASIAI0B' with importer (ScriptedImporter : UnityEditor.QuickSearchModule:UnityEditor.Search:ASIAI0B)
Imported 'GUID: 855fcb405500ab14b8902d15d27ed0ab' -> (Import Result ID: '9760241a95dad0a9b697b200518aaf2b') in 0.006 seconds [static and dynamic dependencies]. Details - ImportResultOutputID=1370596d83ba1a433fd3328285a98613 DependenciesID=f231d21f51c211c94e9c71c336cca956 StaticDependenciesID=43ee31f05825c90811f5bdb021e671f9 
Number of updated asset objects reloaded before import = 0
Number of asset objects unloaded after import = 0
========================================================================
Received Import Request.
  Time of request: 2026-08-17T07:16:27.6231592Z
  Time since last request: 0.0005938 seconds.
  importAddress: GUID: 87a047e9c131269479b899f8dd9cac89 - Path: Assets/Standard Assets/Windows/Kinect/DepthSpacePoint.cs - Importer: ScriptedImporter/UnityEditor.QuickSearchModule:UnityEditor.Search:ASIAI0B
Importing 'GUID: 87a047e9c131269479b899f8dd9cac89 - Path: Assets/Standard Assets/Windows/Kinect/DepthSpacePoint.cs - Importer: ScriptedImporter/UnityEditor.QuickSearchModule:UnityEditor.Search:ASIAI0B' with importer (ScriptedImporter : UnityEditor.QuickSearchModule:UnityEditor.Search:ASIAI0B)
Imported 'GUID: 87a047e9c131269479b899f8dd9cac89' -> (Import Result ID: '59a7a2c79e82e1d5bf5e74b8085578b5') in 0.011 seconds [static and dynamic dependencies]. Details - ImportResultOutputID=72dae0c72ea0f5b882a6e5cf6c90436d DependenciesID=23926839128328830601151d735dceb4 StaticDependenciesID=a16f8f5adb61eee365156f3b52e0dd45 
Number of updated asset objects reloaded before import = 0
Number of asset objects unloaded after import = 0
========================================================================
Received Import Request.
  Time of request: 2026-08-17T07:16:27.6781677Z
  Time since last request: 0.004288 seconds.
  importAddress: GUID: bbb237f869b7c684aa4bff904d74ceed - Path: Assets/Standard Assets/Windows/Kinect/FrameSourceTypes.cs - Importer: ScriptedImporter/UnityEditor.QuickSearchModule:UnityEditor.Search:ASIAI0B
Importing 'GUID: bbb237f869b7c684aa4bff904d74ceed - Path: Assets/Standard Assets/Windows/Kinect/FrameSourceTypes.cs - Importer: ScriptedImporter/UnityEditor.QuickSearchModule:UnityEditor.Search:ASIAI0B' with importer (ScriptedImporter : UnityEditor.QuickSearchModule:UnityEditor.Search:ASIAI0B)
Imported 'GUID: bbb237f869b7c684aa4bff904d74ceed' -> (Import Result ID: 'f6677e9dfc65a121bb246c6747c97e6d') in 0.006 seconds [static and dynamic dependencies]. Details - ImportResultOutputID=6ec279d7189e694229dcbfa742f5e94e DependenciesID=c40a7fd9ea94f54d36fbf033d0b130cf StaticDependenciesID=2867307b9767d1eeed4c1a1a4ab85775 
Number of updated asset objects reloaded before import = 0
Number of asset objects unloaded after import = 0
========================================================================
Received Import Request.
  Time of request: 2026-08-17T07:16:27.7152311Z
  Time since last request: 0.0008003 seconds.
  importAddress: GUID: 34cd6f0c5382cd9458b3b1ef06e001ba - Path: Assets/Standard Assets/Windows/Kinect/FrameEdges.cs - Importer: ScriptedImporter/UnityEditor.QuickSearchModule:UnityEditor.Search:ASIAI0B
Importing 'GUID: 34cd6f0c5382cd9458b3b1ef06e001ba - Path: Assets/Standard Assets/Windows/Kinect/FrameEdges.cs - Importer: ScriptedImporter/UnityEditor.QuickSearchModule:UnityEditor.Search:ASIAI0B' with importer (ScriptedImporter : UnityEditor.QuickSearchModule:UnityEditor.Search:ASIAI0B)
Imported 'GUID: 34cd6f0c5382cd9458b3b1ef06e001ba' -> (Import Result ID: '460b4dd904a660e1ce683af6805b0aa4') in 0.007 seconds [static and dynamic dependencies]. Details - ImportResultOutputID=6dfb9c1527f8e4cb7a30d32809181cd6 DependenciesID=672cec03f0955da255971d798930c00c StaticDependenciesID=68bbf53f410fa12a9d2b67189cad1a01 
Number of updated asset objects reloaded before import = 0
Number of asset objects unloaded after import = 0
========================================================================
Received Import Request.
  Time of request: 2026-08-17T07:16:27.7522166Z
  Time since last request: 0.0007806 seconds.
  importAddress: GUID: 4e3ef938a829c1d4385d938971be0b73 - Path: Assets/Standard Assets/Windows/Kinect/ColorFrame.cs - Importer: ScriptedImporter/UnityEditor.QuickSearchModule:UnityEditor.Search:ASIAI0B
Importing 'GUID: 4e3ef938a829c1d4385d938971be0b73 - Path: Assets/Standard Assets/Windows/Kinect/ColorFrame.cs - Importer: ScriptedImporter/UnityEditor.QuickSearchModule:UnityEditor.Search:ASIAI0B' with importer (ScriptedImporter : UnityEditor.QuickSearchModule:UnityEditor.Search:ASIAI0B)
Imported 'GUID: 4e3ef938a829c1d4385d938971be0b73' -> (Import Result ID: 'f3b3b0f6a9289ce2a084fd39df35ce1f') in 0.008 seconds [static and dynamic dependencies]. Details - ImportResultOutputID=c97da75379e7b59d6894fb62551f25c3 DependenciesID=561e72e7bb8e0a2226640e7e0bf8b8a1 StaticDependenciesID=1a782417bc5034d6bda1d3a773690a8c 
Number of updated asset objects reloaded before import = 0
Number of asset objects unloaded after import = 0
========================================================================
Received Import Request.
  Time of request: 2026-08-17T07:16:27.78948Z
  Time since last request: 0.0013792 seconds.
  importAddress: GUID: ccf1cabe437c4764d9818a2fd30827f0 - Path: Assets/Standard Assets/Windows/Kinect/FrameCapturedStatus.cs - Importer: ScriptedImporter/UnityEditor.QuickSearchModule:UnityEditor.Search:ASIAI0B
Importing 'GUID: ccf1cabe437c4764d9818a2fd30827f0 - Path: Assets/Standard Assets/Windows/Kinect/FrameCapturedStatus.cs - Importer: ScriptedImporter/UnityEditor.QuickSearchModule:UnityEditor.Search:ASIAI0B' with importer (ScriptedImporter : UnityEditor.QuickSearchModule:UnityEditor.Search:ASIAI0B)
Imported 'GUID: ccf1cabe437c4764d9818a2fd30827f0' -> (Import Result ID: '77f47eae533535920128501772c26a34') in 0.009 seconds [static and dynamic dependencies]. Details - ImportResultOutputID=9a5214f743acef661b9da940bf4603c3 DependenciesID=2ed2485a1bda862edb1f74224aab1ed7 StaticDependenciesID=e8c75511e9f3391d3bf4224faea6f21a 
Number of updated asset objects reloaded before import = 0
Number of asset objects unloaded after import = 0
========================================================================
Received Import Request.
  Time of request: 2026-08-17T07:16:27.8347042Z
  Time since last request: 0.0004652 seconds.
  importAddress: GUID: 78a6e9053bd545d4f948fa1d8ced5879 - Path: Assets/Standard Assets/Windows/Kinect/LongExposureInfraredFrameReader.cs - Importer: ScriptedImporter/UnityEditor.QuickSearchModule:UnityEditor.Search:ASIAI0B
Importing 'GUID: 78a6e9053bd545d4f948fa1d8ced5879 - Path: Assets/Standard Assets/Windows/Kinect/LongExposureInfraredFrameReader.cs - Importer: ScriptedImporter/UnityEditor.QuickSearchModule:UnityEditor.Search:ASIAI0B' with importer (ScriptedImporter : UnityEditor.QuickSearchModule:UnityEditor.Search:ASIAI0B)
Imported 'GUID: 78a6e9053bd545d4f948fa1d8ced5879' -> (Import Result ID: '8fdfb812319bf52d7f6a08aa14525dd3') in 0.007 seconds [static and dynamic dependencies]. Details - ImportResultOutputID=15c48c949412cbb5070f4db4ca8e353b DependenciesID=e9e0c8f3f0f6507505b2048b3c92c236 StaticDependenciesID=7422591e4305dc902fe5d67b04beef5f 
Number of updated asset objects reloaded before import = 0
Number of asset objects unloaded after import = 0
========================================================================
Received Import Request.
  Time of request: 2026-08-17T07:16:27.8697281Z
  Time since last request: 0.0019156 seconds.
  importAddress: GUID: 0937005bb1a679a40a0bffab4f8fa84b - Path: Assets/Standard Assets/Windows/Kinect/InfraredFrameReader.cs - Importer: ScriptedImporter/UnityEditor.QuickSearchModule:UnityEditor.Search:ASIAI0B
Importing 'GUID: 0937005bb1a679a40a0bffab4f8fa84b - Path: Assets/Standard Assets/Windows/Kinect/InfraredFrameReader.cs - Importer: ScriptedImporter/UnityEditor.QuickSearchModule:UnityEditor.Search:ASIAI0B' with importer (ScriptedImporter : UnityEditor.QuickSearchModule:UnityEditor.Search:ASIAI0B)
Imported 'GUID: 0937005bb1a679a40a0bffab4f8fa84b' -> (Import Result ID: 'fcdfc7d36e595fa7da745582f6da5061') in 0.020 seconds [static and dynamic dependencies]. Details - ImportResultOutputID=7c7b0a573513426335a502f1871174b7 DependenciesID=c3e8d6ee646a5c7272420bbe19468a9f StaticDependenciesID=4ad82c4cf045d93999efff013c744b62 
Number of updated asset objects reloaded before import = 0
Number of asset objects unloaded after import = 0
========================================================================
Received Import Request.
  Time of request: 2026-08-17T07:16:27.9657798Z
  Time since last request: 0.0003588 seconds.
  importAddress: GUID: 1f199f6bb5e11b941b4c707a6783daaa - Path: Assets/Standard Assets/Windows/Kinect/ColorCameraSettings.cs - Importer: ScriptedImporter/UnityEditor.QuickSearchModule:UnityEditor.Search:ASIAI0B
Importing 'GUID: 1f199f6bb5e11b941b4c707a6783daaa - Path: Assets/Standard Assets/Windows/Kinect/ColorCameraSettings.cs - Importer: ScriptedImporter/UnityEditor.QuickSearchModule:UnityEditor.Search:ASIAI0B' with importer (ScriptedImporter : UnityEditor.QuickSearchModule:UnityEditor.Search:ASIAI0B)
Imported 'GUID: 1f199f6bb5e11b941b4c707a6783daaa' -> (Import Result ID: 'fe75d520e3c659e3318eaf4bd2b14803') in 0.007 seconds [static and dynamic dependencies]. Details - ImportResultOutputID=37e9cd810562f389a49ca9761b857e06 DependenciesID=4ec54bfa5208716de1a12ff475b7a433 StaticDependenciesID=89f1078443124e5cfab22e3cde25abf9 
Number of updated asset objects reloaded before import = 0
Number of asset objects unloaded after import = 0
========================================================================
Received Import Request.
  Time of request: 2026-08-17T07:16:28.0097751Z
  Time since last request: 0.0012488 seconds.
  importAddress: GUID: 383ab6b5e32edbc4ca3eca80db481330 - Path: Assets/Standard Assets/Windows/Kinect/ColorFrameArrivedEventArgs.cs - Importer: ScriptedImporter/UnityEditor.QuickSearchModule:UnityEditor.Search:ASIAI0B
Importing 'GUID: 383ab6b5e32edbc4ca3eca80db481330 - Path: Assets/Standard Assets/Windows/Kinect/ColorFrameArrivedEventArgs.cs - Importer: ScriptedImporter/UnityEditor.QuickSearchModule:UnityEditor.Search:ASIAI0B' with importer (ScriptedImporter : UnityEditor.QuickSearchModule:UnityEditor.Search:ASIAI0B)
Imported 'GUID: 383ab6b5e32edbc4ca3eca80db481330' -> (Import Result ID: '21f222ee20a82c63d80df1235606827b') in 0.006 seconds [static and dynamic dependencies]. Details - ImportResultOutputID=664be610c58f32f7a574c7a8e3a10ca4 DependenciesID=1459a419d7f76119bca4a149e40c64c3 StaticDependenciesID=2428e3fee11c7fc8fc57c65448769f7c 
Number of updated asset objects reloaded before import = 0
Number of asset objects unloaded after import = 0
========================================================================
Received Import Request.
  Time of request: 2026-08-17T07:16:28.0422995Z
  Time since last request: 0.0007067 seconds.
  importAddress: GUID: 8f586378b4e144a9851e7b34d9b748ee - Path: Assets/TextMesh Pro/Resources/Fonts & Materials/LiberationSans SDF.asset - Importer: ScriptedImporter/UnityEditor.QuickSearchModule:UnityEditor.Search:ASIAI0B
Importing 'GUID: 8f586378b4e144a9851e7b34d9b748ee - Path: Assets/TextMesh Pro/Resources/Fonts & Materials/LiberationSans SDF.asset - Importer: ScriptedImporter/UnityEditor.QuickSearchModule:UnityEditor.Search:ASIAI0B' with importer (ScriptedImporter : UnityEditor.QuickSearchModule:UnityEditor.Search:ASIAI0B)
Imported 'GUID: 8f586378b4e144a9851e7b34d9b748ee' -> (Import Result ID: '73c1d122f74dda10035ed7b50802c883') in 0.089 seconds [static and dynamic dependencies]. Details - ImportResultOutputID=056764f48563150c63fa23390a1a9672 DependenciesID=8f2c0f85cf8153e3de107cb65f1c66eb StaticDependenciesID=4d123fb2bb14576911fc61552b30c81d 
Number of updated asset objects reloaded before import = 0
Number of asset objects unloaded after import = 8
========================================================================
Received Import Request.
  Time of request: 2026-08-17T07:16:28.1605403Z
  Time since last request: 0.000461 seconds.
  importAddress: GUID: 6f242e10b172a6340a49529ef0ad2d90 - Path: Assets/Standard Assets/Windows/Kinect/DetectionResult.cs - Importer: ScriptedImporter/UnityEditor.QuickSearchModule:UnityEditor.Search:ASIAI0B
Importing 'GUID: 6f242e10b172a6340a49529ef0ad2d90 - Path: Assets/Standard Assets/Windows/Kinect/DetectionResult.cs - Importer: ScriptedImporter/UnityEditor.QuickSearchModule:UnityEditor.Search:ASIAI0B' with importer (ScriptedImporter : UnityEditor.QuickSearchModule:UnityEditor.Search:ASIAI0B)
Imported 'GUID: 6f242e10b172a6340a49529ef0ad2d90' -> (Import Result ID: '17b593081f1ed0eb5bb7aa8f36c458d8') in 0.007 seconds [static and dynamic dependencies]. Details - ImportResultOutputID=30ee3a2682edd5bda30303ca0f30ab49 DependenciesID=affd25b2932cd66695c452b3be670d1b StaticDependenciesID=2fcea371069701b6c4366d12026f0ee9 
Number of updated asset objects reloaded before import = 0
Number of asset objects unloaded after import = 0
========================================================================
Received Import Request.
  Time of request: 2026-08-17T07:16:28.1967891Z
  Time since last request: 0.0006058 seconds.
  importAddress: GUID: 62e292d05e1f99d4695e2306db22e75f - Path: Assets/Standard Assets/Windows/Kinect/LongExposureInfraredFrame.cs - Importer: ScriptedImporter/UnityEditor.QuickSearchModule:UnityEditor.Search:ASIAI0B
Importing 'GUID: 62e292d05e1f99d4695e2306db22e75f - Path: Assets/Standard Assets/Windows/Kinect/LongExposureInfraredFrame.cs - Importer: ScriptedImporter/UnityEditor.QuickSearchModule:UnityEditor.Search:ASIAI0B' with importer (ScriptedImporter : UnityEditor.QuickSearchModule:UnityEditor.Search:ASIAI0B)
Imported 'GUID: 62e292d05e1f99d4695e2306db22e75f' -> (Import Result ID: 'ca66e3c59f0b4cc7e4504bb16a73a002') in 0.007 seconds [static and dynamic dependencies]. Details - ImportResultOutputID=19e98ccbadbe30bfc19c8512838f7631 DependenciesID=25374307cf1d5a8a6ab9e7317e5fb378 StaticDependenciesID=7bce63e5027d16b5347e30a5a51f59b2 
Number of updated asset objects reloaded before import = 0
Number of asset objects unloaded after import = 0
========================================================================
Received Import Request.
  Time of request: 2026-08-17T07:16:28.2315876Z
  Time since last request: 0.0006149 seconds.
  importAddress: GUID: c09496fb04e3d9c43b5fbf4ac998ff6e - Path: Assets/Standard Assets/Windows/Kinect/DepthFrameArrivedEventArgs.cs - Importer: ScriptedImporter/UnityEditor.QuickSearchModule:UnityEditor.Search:ASIAI0B
Importing 'GUID: c09496fb04e3d9c43b5fbf4ac998ff6e - Path: Assets/Standard Assets/Windows/Kinect/DepthFrameArrivedEventArgs.cs - Importer: ScriptedImporter/UnityEditor.QuickSearchModule:UnityEditor.Search:ASIAI0B' with importer (ScriptedImporter : UnityEditor.QuickSearchModule:UnityEditor.Search:ASIAI0B)
Imported 'GUID: c09496fb04e3d9c43b5fbf4ac998ff6e' -> (Import Result ID: '64dba2ca7709d9d73e6e2f54ab7df104') in 0.007 seconds [static and dynamic dependencies]. Details - ImportResultOutputID=3f9f35286f4d5e40e88db7f9b14fce9b DependenciesID=32252de050bc5d91dfc31bbfc3982ca2 StaticDependenciesID=5f3e4985997c5a0568e9b81385344ce2 
Number of updated asset objects reloaded before import = 0
Number of asset objects unloaded after import = 0
========================================================================
Received Import Request.
  Time of request: 2026-08-17T07:16:28.2661768Z
  Time since last request: 0.0008679 seconds.
  importAddress: GUID: c41005c129ba4d66911b75229fd70b45 - Path: Assets/TextMesh Pro/Resources/Sprite Assets/EmojiOne.asset - Importer: ScriptedImporter/UnityEditor.QuickSearchModule:UnityEditor.Search:ASIAI0B
Importing 'GUID: c41005c129ba4d66911b75229fd70b45 - Path: Assets/TextMesh Pro/Resources/Sprite Assets/EmojiOne.asset - Importer: ScriptedImporter/UnityEditor.QuickSearchModule:UnityEditor.Search:ASIAI0B' with importer (ScriptedImporter : UnityEditor.QuickSearchModule:UnityEditor.Search:ASIAI0B)
Imported 'GUID: c41005c129ba4d66911b75229fd70b45' -> (Import Result ID: '0df2103522b3ba5ce1492846d439dda9') in 0.025 seconds [static and dynamic dependencies]. Details - ImportResultOutputID=d72f55991e3675912c0ff5df6e708a6c DependenciesID=9a1e7b1af6bc11611640ff73a90798e2 StaticDependenciesID=478f524e7e418ffba22840eebb2abff6 
Number of updated asset objects reloaded before import = 0
Number of asset objects unloaded after import = 3
========================================================================
Received Import Request.
  Time of request: 2026-08-17T07:16:28.3191504Z
  Time since last request: 0.0023009 seconds.
  importAddress: GUID: 8e2ed2961bcca974085bf9ddcaaac6a9 - Path: Assets/Standard Assets/Windows/Kinect/MultiSourceFrameReference.cs - Importer: ScriptedImporter/UnityEditor.QuickSearchModule:UnityEditor.Search:ASIAI0B
Importing 'GUID: 8e2ed2961bcca974085bf9ddcaaac6a9 - Path: Assets/Standard Assets/Windows/Kinect/MultiSourceFrameReference.cs - Importer: ScriptedImporter/UnityEditor.QuickSearchModule:UnityEditor.Search:ASIAI0B' with importer (ScriptedImporter : UnityEditor.QuickSearchModule:UnityEditor.Search:ASIAI0B)
Imported 'GUID: 8e2ed2961bcca974085bf9ddcaaac6a9' -> (Import Result ID: '4a3344018f4959b99bcccefd564a92d4') in 0.007 seconds [static and dynamic dependencies]. Details - ImportResultOutputID=ec0ebe2bc1e0fc5e7fee3287a8ae5867 DependenciesID=4c5f3a0e4dcbba936c6373a685d0fc66 StaticDependenciesID=72640c27af111ab2076c7e58f0049d7c 
Number of updated asset objects reloaded before import = 0
Number of asset objects unloaded after import = 0
========================================================================
Received Import Request.
  Time of request: 2026-08-17T07:16:28.3508133Z
  Time since last request: 0.0009782 seconds.
  importAddress: GUID: 2e498d1c8094910479dc3e1b768306a4 - Path: Assets/TextMesh Pro/Resources/Fonts & Materials/LiberationSans SDF - Fallback.asset - Importer: ScriptedImporter/UnityEditor.QuickSearchModule:UnityEditor.Search:ASIAI0B
Importing 'GUID: 2e498d1c8094910479dc3e1b768306a4 - Path: Assets/TextMesh Pro/Resources/Fonts & Materials/LiberationSans SDF - Fallback.asset - Importer: ScriptedImporter/UnityEditor.QuickSearchModule:UnityEditor.Search:ASIAI0B' with importer (ScriptedImporter : UnityEditor.QuickSearchModule:UnityEditor.Search:ASIAI0B)
Imported 'GUID: 2e498d1c8094910479dc3e1b768306a4' -> (Import Result ID: 'd92bdf1795cb30077b897f1a2274d5a6') in 0.025 seconds [static and dynamic dependencies]. Details - ImportResultOutputID=c9f2b777b39f8d18b97510f84c7c8475 DependenciesID=09f792cebcbaf94c639c2cd4cf63bb63 StaticDependenciesID=3eb9e8c9a4e659b9d4f0dc67a11eb36b 
Number of updated asset objects reloaded before import = 0
Number of asset objects unloaded after import = 5
========================================================================
Received Import Request.
  Time of request: 2026-08-17T07:16:28.4037406Z
  Time since last request: 0.0002865 seconds.
  importAddress: GUID: 79459efec17a4d00a321bdcc27bbc385 - Path: Assets/TextMesh Pro/Resources/Fonts & Materials/LiberationSans SDF - Outline.mat - Importer: ScriptedImporter/UnityEditor.QuickSearchModule:UnityEditor.Search:ASIAI0B
Importing 'GUID: 79459efec17a4d00a321bdcc27bbc385 - Path: Assets/TextMesh Pro/Resources/Fonts & Materials/LiberationSans SDF - Outline.mat - Importer: ScriptedImporter/UnityEditor.QuickSearchModule:UnityEditor.Search:ASIAI0B' with importer (ScriptedImporter : UnityEditor.QuickSearchModule:UnityEditor.Search:ASIAI0B)
Imported 'GUID: 79459efec17a4d00a321bdcc27bbc385' -> (Import Result ID: '17196e858e6da4d9b958fe0f99614d81') in 0.033 seconds [static and dynamic dependencies]. Details - ImportResultOutputID=5851f0206fafddb37c26be91278c5403 DependenciesID=eea35cbd4fc5ab14282feaccbedfc83a StaticDependenciesID=cb554a64c286b798df20c4b0e168b693 
Number of updated asset objects reloaded before import = 0
Number of asset objects unloaded after import = 2
========================================================================
Received Import Request.
  Time of request: 2026-08-17T07:16:28.4625969Z
  Time since last request: 0.0006102 seconds.
  importAddress: GUID: 65a7600b04976b84db9c9ec171a5d71f - Path: Assets/Standard Assets/Windows/Kinect/IsAvailableChangedEventArgs.cs - Importer: ScriptedImporter/UnityEditor.QuickSearchModule:UnityEditor.Search:ASIAI0B
Importing 'GUID: 65a7600b04976b84db9c9ec171a5d71f - Path: Assets/Standard Assets/Windows/Kinect/IsAvailableChangedEventArgs.cs - Importer: ScriptedImporter/UnityEditor.QuickSearchModule:UnityEditor.Search:ASIAI0B' with importer (ScriptedImporter : UnityEditor.QuickSearchModule:UnityEditor.Search:ASIAI0B)
Imported 'GUID: 65a7600b04976b84db9c9ec171a5d71f' -> (Import Result ID: '6bd5671904107d45a4237f29e73b4ad9') in 0.014 seconds [static and dynamic dependencies]. Details - ImportResultOutputID=ca7521eff0fe14e94885913d1b9e1e3e DependenciesID=cae9b0b0eb441f73266e7b4ebb0f2270 StaticDependenciesID=8e263aaa603c018c8c84676bc53e5be5 
Number of updated asset objects reloaded before import = 0
Number of asset objects unloaded after import = 0
========================================================================
Received Import Request.
  Time of request: 2026-08-17T07:16:28.5089538Z
  Time since last request: 0.00059 seconds.
  importAddress: GUID: 9eb5711cb5d886b45883ead06f286283 - Path: Assets/Standard Assets/Windows/Kinect/ColorSpacePoint.cs - Importer: ScriptedImporter/UnityEditor.QuickSearchModule:UnityEditor.Search:ASIAI0B
Importing 'GUID: 9eb5711cb5d886b45883ead06f286283 - Path: Assets/Standard Assets/Windows/Kinect/ColorSpacePoint.cs - Importer: ScriptedImporter/UnityEditor.QuickSearchModule:UnityEditor.Search:ASIAI0B' with importer (ScriptedImporter : UnityEditor.QuickSearchModule:UnityEditor.Search:ASIAI0B)
Imported 'GUID: 9eb5711cb5d886b45883ead06f286283' -> (Import Result ID: '8d842f7d6e8ca0cf6f543394794a16ef') in 0.008 seconds [static and dynamic dependencies]. Details - ImportResultOutputID=d8eec2bd87c2eb5bc43bf54a3e61a861 DependenciesID=fd95495fcdc6c783f4afc58859cf6e4d StaticDependenciesID=fc7f3194b9c5908c9618c68c83964ef8 
Number of updated asset objects reloaded before import = 0
Number of asset objects unloaded after import = 0
========================================================================
Received Import Request.
  Time of request: 2026-08-17T07:16:28.5479254Z
  Time since last request: 0.000508 seconds.
  importAddress: GUID: 7fc638ac4166d2945b7efa3e6699e510 - Path: Assets/Standard Assets/Windows/Kinect/TrackingConfidence.cs - Importer: ScriptedImporter/UnityEditor.QuickSearchModule:UnityEditor.Search:ASIAI0B
Importing 'GUID: 7fc638ac4166d2945b7efa3e6699e510 - Path: Assets/Standard Assets/Windows/Kinect/TrackingConfidence.cs - Importer: ScriptedImporter/UnityEditor.QuickSearchModule:UnityEditor.Search:ASIAI0B' with importer (ScriptedImporter : UnityEditor.QuickSearchModule:UnityEditor.Search:ASIAI0B)
Imported 'GUID: 7fc638ac4166d2945b7efa3e6699e510' -> (Import Result ID: 'fe073e4d3a3847fd12dbdd6da6030057') in 0.005 seconds [static and dynamic dependencies]. Details - ImportResultOutputID=b8eac5a455ec83ddcc710fa137a2ea92 DependenciesID=8ec2d84cf6d9d4446d8e0ec53d0b8af3 StaticDependenciesID=808458dda2881679789ea20a3857c0ea 
Number of updated asset objects reloaded before import = 0
Number of asset objects unloaded after import = 0
========================================================================
Received Import Request.
  Time of request: 2026-08-17T07:16:28.5803323Z
  Time since last request: 0.0006971 seconds.
  importAddress: GUID: d616618770c2c84469f5aaa5f72ca2ca - Path: Assets/Standard Assets/Windows/Kinect/JointOrientation.cs - Importer: ScriptedImporter/UnityEditor.QuickSearchModule:UnityEditor.Search:ASIAI0B
Importing 'GUID: d616618770c2c84469f5aaa5f72ca2ca - Path: Assets/Standard Assets/Windows/Kinect/JointOrientation.cs - Importer: ScriptedImporter/UnityEditor.QuickSearchModule:UnityEditor.Search:ASIAI0B' with importer (ScriptedImporter : UnityEditor.QuickSearchModule:UnityEditor.Search:ASIAI0B)
Imported 'GUID: d616618770c2c84469f5aaa5f72ca2ca' -> (Import Result ID: '3605218fbb71e3f592f41541e6689904') in 0.007 seconds [static and dynamic dependencies]. Details - ImportResultOutputID=5107b60b66637bb6ae8f130429b7a7df DependenciesID=a9843b1c0c30890229306b277df065c3 StaticDependenciesID=c0a3b9a6118f09a107bd884180d1d09a 
Number of updated asset objects reloaded before import = 0
Number of asset objects unloaded after import = 0
========================================================================
Received Import Request.
  Time of request: 2026-08-17T07:16:28.6195421Z
  Time since last request: 0.0011129 seconds.
  importAddress: GUID: 61c6c0071af9a08459843e571124cbef - Path: Assets/Standard Assets/Windows/Kinect/HandState.cs - Importer: ScriptedImporter/UnityEditor.QuickSearchModule:UnityEditor.Search:ASIAI0B
Importing 'GUID: 61c6c0071af9a08459843e571124cbef - Path: Assets/Standard Assets/Windows/Kinect/HandState.cs - Importer: ScriptedImporter/UnityEditor.QuickSearchModule:UnityEditor.Search:ASIAI0B' with importer (ScriptedImporter : UnityEditor.QuickSearchModule:UnityEditor.Search:ASIAI0B)
Imported 'GUID: 61c6c0071af9a08459843e571124cbef' -> (Import Result ID: '6904a2fc5df04780dd1ed9188bbbc6df') in 0.006 seconds [static and dynamic dependencies]. Details - ImportResultOutputID=df0409eb726045f2a2680ccfd0173718 DependenciesID=7eb65ec5a5370741e1b91e8dc4d2202b StaticDependenciesID=ca52a88d7b8fd9dfe08d19520ce38743 
Number of updated asset objects reloaded before import = 0
Number of asset objects unloaded after import = 0
========================================================================
Received Import Request.
  Time of request: 2026-08-17T07:16:28.657711Z
  Time since last request: 0.0006836 seconds.
  importAddress: GUID: a52acb4cdb90b3a4fa3937ab27ced4ff - Path: Assets/Standard Assets/Windows/Kinect/MultiSourceFrameReader.cs - Importer: ScriptedImporter/UnityEditor.QuickSearchModule:UnityEditor.Search:ASIAI0B
Importing 'GUID: a52acb4cdb90b3a4fa3937ab27ced4ff - Path: Assets/Standard Assets/Windows/Kinect/MultiSourceFrameReader.cs - Importer: ScriptedImporter/UnityEditor.QuickSearchModule:UnityEditor.Search:ASIAI0B' with importer (ScriptedImporter : UnityEditor.QuickSearchModule:UnityEditor.Search:ASIAI0B)
Imported 'GUID: a52acb4cdb90b3a4fa3937ab27ced4ff' -> (Import Result ID: '0ef4eebfb1c31340d5d270dacd8eae45') in 0.005 seconds [static and dynamic dependencies]. Details - ImportResultOutputID=44718ebca74406dd4bd5ae7f94470000 DependenciesID=314dee6b006d334a4ba0b090c1568f48 StaticDependenciesID=adba62d5db55612a6652653c7733748e 
Number of updated asset objects reloaded before import = 0
Number of asset objects unloaded after import = 0
========================================================================
Received Import Request.
  Time of request: 2026-08-17T07:16:28.6937377Z
  Time since last request: 0.0006893 seconds.
  importAddress: GUID: 82cb5d8afd91cba43a5380999e22e2cb - Path: Assets/Standard Assets/Windows/Kinect/CoordinateMappingChangedEventArgs.cs - Importer: ScriptedImporter/UnityEditor.QuickSearchModule:UnityEditor.Search:ASIAI0B
Importing 'GUID: 82cb5d8afd91cba43a5380999e22e2cb - Path: Assets/Standard Assets/Windows/Kinect/CoordinateMappingChangedEventArgs.cs - Importer: ScriptedImporter/UnityEditor.QuickSearchModule:UnityEditor.Search:ASIAI0B' with importer (ScriptedImporter : UnityEditor.QuickSearchModule:UnityEditor.Search:ASIAI0B)
Imported 'GUID: 82cb5d8afd91cba43a5380999e22e2cb' -> (Import Result ID: '2b2558278d36365053cb4221e0ce7c71') in 0.006 seconds [static and dynamic dependencies]. Details - ImportResultOutputID=313378d239f0315b0a8b205887eee2c2 DependenciesID=3f95b92675d86d60b0c009eb09d831ca StaticDependenciesID=5e393aaf66cd1dffdf358d2fc14997ad 
Number of updated asset objects reloaded before import = 0
Number of asset objects unloaded after import = 0
========================================================================
Received Import Request.
  Time of request: 2026-08-17T07:16:28.7255591Z
  Time since last request: 0.0007788 seconds.
  importAddress: GUID: 1188dd030cd382340966a429c46ed4fe - Path: Assets/Standard Assets/Windows/Kinect/MultiSourceFrameArrivedEventArgs.cs - Importer: ScriptedImporter/UnityEditor.QuickSearchModule:UnityEditor.Search:ASIAI0B
Importing 'GUID: 1188dd030cd382340966a429c46ed4fe - Path: Assets/Standard Assets/Windows/Kinect/MultiSourceFrameArrivedEventArgs.cs - Importer: ScriptedImporter/UnityEditor.QuickSearchModule:UnityEditor.Search:ASIAI0B' with importer (ScriptedImporter : UnityEditor.QuickSearchModule:UnityEditor.Search:ASIAI0B)
Imported 'GUID: 1188dd030cd382340966a429c46ed4fe' -> (Import Result ID: 'fcf8888eca74805cac87697bc63a0a25') in 0.005 seconds [static and dynamic dependencies]. Details - ImportResultOutputID=30b09322a23830b3b0fe86715e9b90e9 DependenciesID=ab6ed55bdcd5c844a0fd75474609a752 StaticDependenciesID=a3281d96b4bc9da026181464cc5d8d2a 
Number of updated asset objects reloaded before import = 0
Number of asset objects unloaded after import = 0
========================================================================
Received Import Request.
  Time of request: 2026-08-17T07:16:28.7528106Z
  Time since last request: 0.0006788 seconds.
  importAddress: GUID: 91cd9161c056061438655504e2f2f7f4 - Path: Assets/Standard Assets/Windows/Kinect/LongExposureInfraredFrameReference.cs - Importer: ScriptedImporter/UnityEditor.QuickSearchModule:UnityEditor.Search:ASIAI0B
Importing 'GUID: 91cd9161c056061438655504e2f2f7f4 - Path: Assets/Standard Assets/Windows/Kinect/LongExposureInfraredFrameReference.cs - Importer: ScriptedImporter/UnityEditor.QuickSearchModule:UnityEditor.Search:ASIAI0B' with importer (ScriptedImporter : UnityEditor.QuickSearchModule:UnityEditor.Search:ASIAI0B)
Imported 'GUID: 91cd9161c056061438655504e2f2f7f4' -> (Import Result ID: 'ac107210a5dc0177e843eebfb25d2646') in 0.007 seconds [static and dynamic dependencies]. Details - ImportResultOutputID=82c822d0a001fdd7386b62909600bb3d DependenciesID=1368484fae25eb063577d260ed73d72f StaticDependenciesID=c9b3979c6d675e1f8f807426642165be 
Number of updated asset objects reloaded before import = 0
Number of asset objects unloaded after import = 0
========================================================================
Received Import Request.
  Time of request: 2026-08-17T07:16:28.7917274Z
  Time since last request: 0.0005828 seconds.
  importAddress: GUID: 085ec75a343f958408701e00ba2168ce - Path: Assets/Standard Assets/Windows/Kinect/FrameCapturedEventArgs.cs - Importer: ScriptedImporter/UnityEditor.QuickSearchModule:UnityEditor.Search:ASIAI0B
Importing 'GUID: 085ec75a343f958408701e00ba2168ce - Path: Assets/Standard Assets/Windows/Kinect/FrameCapturedEventArgs.cs - Importer: ScriptedImporter/UnityEditor.QuickSearchModule:UnityEditor.Search:ASIAI0B' with importer (ScriptedImporter : UnityEditor.QuickSearchModule:UnityEditor.Search:ASIAI0B)
Imported 'GUID: 085ec75a343f958408701e00ba2168ce' -> (Import Result ID: 'af9636009eb7ac069e6893d75cef2ebd') in 0.006 seconds [static and dynamic dependencies]. Details - ImportResultOutputID=13f4d970a3e8c1f42d5187a894856b45 DependenciesID=bd14b875a0447d394226ec1a074e19f8 StaticDependenciesID=ca19f0ea6a20b6dabe4f4f60d778d863 
Number of updated asset objects reloaded before import = 0
Number of asset objects unloaded after import = 0
========================================================================
Received Import Request.
  Time of request: 2026-08-17T07:16:28.8222923Z
  Time since last request: 0.0008883 seconds.
  importAddress: GUID: 716d52dd0cd344f439914ed99e62b0e5 - Path: Assets/Standard Assets/Windows/Kinect/InfraredFrame.cs - Importer: ScriptedImporter/UnityEditor.QuickSearchModule:UnityEditor.Search:ASIAI0B
Importing 'GUID: 716d52dd0cd344f439914ed99e62b0e5 - Path: Assets/Standard Assets/Windows/Kinect/InfraredFrame.cs - Importer: ScriptedImporter/UnityEditor.QuickSearchModule:UnityEditor.Search:ASIAI0B' with importer (ScriptedImporter : UnityEditor.QuickSearchModule:UnityEditor.Search:ASIAI0B)
Imported 'GUID: 716d52dd0cd344f439914ed99e62b0e5' -> (Import Result ID: '023012cc68fe9d03ed9480c55c22508c') in 0.007 seconds [static and dynamic dependencies]. Details - ImportResultOutputID=d2f5e0f79dfb9e080c8a286e12ec99b9 DependenciesID=b5f7e4972654a5bfe53c37315a293dc5 StaticDependenciesID=895ce448da0e589d4a042cf40f84ee2c 
Number of updated asset objects reloaded before import = 0
Number of asset objects unloaded after import = 0
========================================================================
Received Import Request.
  Time of request: 2026-08-17T07:16:28.8552705Z
  Time since last request: 0.0006596 seconds.
  importAddress: GUID: 47e956b7b74fcd447a28c068f2fcaf56 - Path: Assets/Standard Assets/Windows/Kinect/InfraredFrameArrivedEventArgs.cs - Importer: ScriptedImporter/UnityEditor.QuickSearchModule:UnityEditor.Search:ASIAI0B
Importing 'GUID: 47e956b7b74fcd447a28c068f2fcaf56 - Path: Assets/Standard Assets/Windows/Kinect/InfraredFrameArrivedEventArgs.cs - Importer: ScriptedImporter/UnityEditor.QuickSearchModule:UnityEditor.Search:ASIAI0B' with importer (ScriptedImporter : UnityEditor.QuickSearchModule:UnityEditor.Search:ASIAI0B)
Imported 'GUID: 47e956b7b74fcd447a28c068f2fcaf56' -> (Import Result ID: 'd55133b88af6b1d88b8485fc017ce4c7') in 0.013 seconds [static and dynamic dependencies]. Details - ImportResultOutputID=7230351ed9c51cf239be3b33faf33d49 DependenciesID=74d1d70e4b1b132d2242d3e7e89f0cef StaticDependenciesID=d51667d5dffca1f3dc9dbc878a2838aa 
Number of updated asset objects reloaded before import = 0
Number of asset objects unloaded after import = 0
========================================================================
Received Import Request.
  Time of request: 2026-08-17T07:16:28.9030268Z
  Time since last request: 0.0005522 seconds.
  importAddress: GUID: 6c8a043d45b0ce641bfe872c2654ec00 - Path: Assets/Standard Assets/Windows/Kinect/ColorFrameReader.cs - Importer: ScriptedImporter/UnityEditor.QuickSearchModule:UnityEditor.Search:ASIAI0B
Importing 'GUID: 6c8a043d45b0ce641bfe872c2654ec00 - Path: Assets/Standard Assets/Windows/Kinect/ColorFrameReader.cs - Importer: ScriptedImporter/UnityEditor.QuickSearchModule:UnityEditor.Search:ASIAI0B' with importer (ScriptedImporter : UnityEditor.QuickSearchModule:UnityEditor.Search:ASIAI0B)
Imported 'GUID: 6c8a043d45b0ce641bfe872c2654ec00' -> (Import Result ID: '89c614c4a45e70f3cea9d6630e24f7f2') in 0.007 seconds [static and dynamic dependencies]. Details - ImportResultOutputID=19bf13bfd2f5aec98837b45f2e277236 DependenciesID=8db75343b3ea9b9594d3ac19ae6e2ea6 StaticDependenciesID=de580d1b0de2d7359f5a4f8b2f9b6799 
Number of updated asset objects reloaded before import = 0
Number of asset objects unloaded after import = 0
========================================================================
Received Import Request.
  Time of request: 2026-08-17T07:16:28.9337973Z
  Time since last request: 0.0006742 seconds.
  importAddress: GUID: e73a58f6e2794ae7b1b7e50b7fb811b0 - Path: Assets/TextMesh Pro/Resources/Fonts & Materials/LiberationSans SDF - Drop Shadow.mat - Importer: ScriptedImporter/UnityEditor.QuickSearchModule:UnityEditor.Search:ASIAI0B
Importing 'GUID: e73a58f6e2794ae7b1b7e50b7fb811b0 - Path: Assets/TextMesh Pro/Resources/Fonts & Materials/LiberationSans SDF - Drop Shadow.mat - Importer: ScriptedImporter/UnityEditor.QuickSearchModule:UnityEditor.Search:ASIAI0B' with importer (ScriptedImporter : UnityEditor.QuickSearchModule:UnityEditor.Search:ASIAI0B)
Imported 'GUID: e73a58f6e2794ae7b1b7e50b7fb811b0' -> (Import Result ID: '20499c6bc65b72fc9bb7b6ba76b58487') in 0.035 seconds [static and dynamic dependencies]. Details - ImportResultOutputID=f8608f8b963689b3d2d9b60b9336a207 DependenciesID=b8b63b6bd16ce2f926227bce098d5483 StaticDependenciesID=a3e34b18c6241ca1e95e2faef03d9855 
Number of updated asset objects reloaded before import = 0
Number of asset objects unloaded after import = 2
========================================================================
Received Import Request.
  Time of request: 2026-08-17T07:16:28.9969606Z
  Time since last request: 0.0010492 seconds.
  importAddress: GUID: 452370c006443bb40bc44aa5d4bd8def - Path: Assets/Standard Assets/Windows/Kinect/CoordinateMapper.cs - Importer: ScriptedImporter/UnityEditor.QuickSearchModule:UnityEditor.Search:ASIAI0B
Importing 'GUID: 452370c006443bb40bc44aa5d4bd8def - Path: Assets/Standard Assets/Windows/Kinect/CoordinateMapper.cs - Importer: ScriptedImporter/UnityEditor.QuickSearchModule:UnityEditor.Search:ASIAI0B' with importer (ScriptedImporter : UnityEditor.QuickSearchModule:UnityEditor.Search:ASIAI0B)
Imported 'GUID: 452370c006443bb40bc44aa5d4bd8def' -> (Import Result ID: '1a31b676ad3357f8080d365387210ae1') in 0.008 seconds [static and dynamic dependencies]. Details - ImportResultOutputID=9c87230d9d3c3dcb593f69cad46ebd51 DependenciesID=b5db38a9bb9bcde8df1efc2fff7029fe StaticDependenciesID=9ea17af0bfa7fa89c05cd865dcb95da2 
Number of updated asset objects reloaded before import = 0
Number of asset objects unloaded after import = 0
========================================================================
Received Import Request.
  Time of request: 2026-08-17T07:16:29.0285513Z
  Time since last request: 0.0005857 seconds.
  importAddress: GUID: ef37675a811881f44be680e69695e9e3 - Path: Assets/Standard Assets/Windows/Kinect/CameraSpacePoint.cs - Importer: ScriptedImporter/UnityEditor.QuickSearchModule:UnityEditor.Search:ASIAI0B
Importing 'GUID: ef37675a811881f44be680e69695e9e3 - Path: Assets/Standard Assets/Windows/Kinect/CameraSpacePoint.cs - Importer: ScriptedImporter/UnityEditor.QuickSearchModule:UnityEditor.Search:ASIAI0B' with importer (ScriptedImporter : UnityEditor.QuickSearchModule:UnityEditor.Search:ASIAI0B)
Imported 'GUID: ef37675a811881f44be680e69695e9e3' -> (Import Result ID: '97b738b77ff0a0b70683205be89966e6') in 0.006 seconds [static and dynamic dependencies]. Details - ImportResultOutputID=d772e21535f91b5afbd5f4e57d4fb6f7 DependenciesID=8983b357a08fd62dadd9cfa432705d0d StaticDependenciesID=00c1e9213743dd5a6e67c6171281e038 
Number of updated asset objects reloaded before import = 0
Number of asset objects unloaded after import = 0
========================================================================
Received Import Request.
  Time of request: 2026-08-17T07:16:29.0572251Z
  Time since last request: 0.0007125 seconds.
  importAddress: GUID: 476cc7d7cd9874016adc216baab94a0a - Path: Assets/TutorialInfo/Scripts/Editor/ReadmeEditor.cs - Importer: ScriptedImporter/UnityEditor.QuickSearchModule:UnityEditor.Search:ASIAI0B
Importing 'GUID: 476cc7d7cd9874016adc216baab94a0a - Path: Assets/TutorialInfo/Scripts/Editor/ReadmeEditor.cs - Importer: ScriptedImporter/UnityEditor.QuickSearchModule:UnityEditor.Search:ASIAI0B' with importer (ScriptedImporter : UnityEditor.QuickSearchModule:UnityEditor.Search:ASIAI0B)
Imported 'GUID: 476cc7d7cd9874016adc216baab94a0a' -> (Import Result ID: '0e1ed25a814573bb9df3b5ea40a94db2') in 0.005 seconds [static and dynamic dependencies]. Details - ImportResultOutputID=f2d553fdbf2927b509ba1289958fe287 DependenciesID=b8dae1d5d26c2bc8eab22b862ea0c83f StaticDependenciesID=a2cd1dd7f3030a85915ad3bc22c5b1f1 
Number of updated asset objects reloaded before import = 0
Number of asset objects unloaded after import = 0
========================================================================
Received Import Request.
  Time of request: 2026-08-17T07:16:29.0872113Z
  Time since last request: 0.0006807 seconds.
  importAddress: GUID: dea43bd7984a3fb42b045120faeed5de - Path: Assets/Lana Studio/Hyper Casual FX/Demo/Animations/SwitchFX_1.2s.anim - Importer: ScriptedImporter/UnityEditor.QuickSearchModule:UnityEditor.Search:ASIAI0B
Importing 'GUID: dea43bd7984a3fb42b045120faeed5de - Path: Assets/Lana Studio/Hyper Casual FX/Demo/Animations/SwitchFX_1.2s.anim - Importer: ScriptedImporter/UnityEditor.QuickSearchModule:UnityEditor.Search:ASIAI0B' with importer (ScriptedImporter : UnityEditor.QuickSearchModule:UnityEditor.Search:ASIAI0B)
Imported 'GUID: dea43bd7984a3fb42b045120faeed5de' -> (Import Result ID: '7896aac7894e3e138ec48d4dae1f911a') in 0.015 seconds [static and dynamic dependencies]. Details - ImportResultOutputID=aee4f754f593c81c58f37ed96bd1bbf3 DependenciesID=3dd9e1129afc79e542e28f7114334cfa StaticDependenciesID=3dd46b182dbae48c2033458ba6f24905 
Number of updated asset objects reloaded before import = 0
Number of asset objects unloaded after import = 1
========================================================================
Received Import Request.
  Time of request: 2026-08-17T07:16:29.1257681Z
  Time since last request: 0.0005532 seconds.
  importAddress: GUID: 3ee08767e1297454a93a5759b975860d - Path: Assets/Standard Assets/Windows/Kinect/BodyIndexFrameReference.cs - Importer: ScriptedImporter/UnityEditor.QuickSearchModule:UnityEditor.Search:ASIAI0B
Importing 'GUID: 3ee08767e1297454a93a5759b975860d - Path: Assets/Standard Assets/Windows/Kinect/BodyIndexFrameReference.cs - Importer: ScriptedImporter/UnityEditor.QuickSearchModule:UnityEditor.Search:ASIAI0B' with importer (ScriptedImporter : UnityEditor.QuickSearchModule:UnityEditor.Search:ASIAI0B)
Imported 'GUID: 3ee08767e1297454a93a5759b975860d' -> (Import Result ID: '5febf384ad15567269c9bdea0c589875') in 0.006 seconds [static and dynamic dependencies]. Details - ImportResultOutputID=c0034e9aafbb77a9598e1b138a5f42df DependenciesID=511af598d1e9d39abdb410d3e4dfe7b1 StaticDependenciesID=06bdb8fcbd3b82bed66041ca23ec973b 
Number of updated asset objects reloaded before import = 0
Number of asset objects unloaded after import = 0
========================================================================
Received Import Request.
  Time of request: 2026-08-17T07:16:29.1551966Z
  Time since last request: 0.0007201 seconds.
  importAddress: GUID: ec16a6a3c150d4c479a008f45c1851ec - Path: Assets/Standard Assets/Windows/Kinect/DepthFrameSource.cs - Importer: ScriptedImporter/UnityEditor.QuickSearchModule:UnityEditor.Search:ASIAI0B
Importing 'GUID: ec16a6a3c150d4c479a008f45c1851ec - Path: Assets/Standard Assets/Windows/Kinect/DepthFrameSource.cs - Importer: ScriptedImporter/UnityEditor.QuickSearchModule:UnityEditor.Search:ASIAI0B' with importer (ScriptedImporter : UnityEditor.QuickSearchModule:UnityEditor.Search:ASIAI0B)
Imported 'GUID: ec16a6a3c150d4c479a008f45c1851ec' -> (Import Result ID: 'e2fbc846df914de9b9f0a70740fd8d03') in 0.012 seconds [static and dynamic dependencies]. Details - ImportResultOutputID=c29b23ee7581dfa1ba63e3347b70d5d2 DependenciesID=e438047f46e2f50e0734f70addc0a865 StaticDependenciesID=e90db99682b641ffcff4dc0790836cd0 
Number of updated asset objects reloaded before import = 0
Number of asset objects unloaded after import = 0
========================================================================
Received Import Request.
  Time of request: 2026-08-17T07:16:29.1971945Z
  Time since last request: 0.0015226 seconds.
  importAddress: GUID: 94bce50107152ba4d80d6f55cefb710c - Path: Assets/Lana Studio/Hyper Casual FX/Demo/Animations/SwitchFX_4s.anim - Importer: ScriptedImporter/UnityEditor.QuickSearchModule:UnityEditor.Search:ASIAI0B
Importing 'GUID: 94bce50107152ba4d80d6f55cefb710c - Path: Assets/Lana Studio/Hyper Casual FX/Demo/Animations/SwitchFX_4s.anim - Importer: ScriptedImporter/UnityEditor.QuickSearchModule:UnityEditor.Search:ASIAI0B' with importer (ScriptedImporter : UnityEditor.QuickSearchModule:UnityEditor.Search:ASIAI0B)
Imported 'GUID: 94bce50107152ba4d80d6f55cefb710c' -> (Import Result ID: 'b19510e09a35384a42652d98a9e85fef') in 0.014 seconds [static and dynamic dependencies]. Details - ImportResultOutputID=9e5065b3d5616b8a80c3729450c2438e DependenciesID=bb7bbfbde18fd590f5075c53de067102 StaticDependenciesID=03b05d9c48f9f4471dcadeaf01fb81b2 
Number of updated asset objects reloaded before import = 0
Number of asset objects unloaded after import = 1
========================================================================
Received Import Request.
  Time of request: 2026-08-17T07:16:29.2434553Z
  Time since last request: 0.0006606 seconds.
  importAddress: GUID: f53daf0889b08bf4494ecbd1914a99d6 - Path: Assets/Standard Assets/Windows/Kinect/DepthFrameReference.cs - Importer: ScriptedImporter/UnityEditor.QuickSearchModule:UnityEditor.Search:ASIAI0B
Importing 'GUID: f53daf0889b08bf4494ecbd1914a99d6 - Path: Assets/Standard Assets/Windows/Kinect/DepthFrameReference.cs - Importer: ScriptedImporter/UnityEditor.QuickSearchModule:UnityEditor.Search:ASIAI0B' with importer (ScriptedImporter : UnityEditor.QuickSearchModule:UnityEditor.Search:ASIAI0B)
Imported 'GUID: f53daf0889b08bf4494ecbd1914a99d6' -> (Import Result ID: '28b4bf85384b388dee8659da5fcf5713') in 0.012 seconds [static and dynamic dependencies]. Details - ImportResultOutputID=4e5444e381eb3ad57518482e1c99b36a DependenciesID=afa9bf5246769c8ae1aec1905b145c7d StaticDependenciesID=f077f2faf7bdd42a56c90e82c879bdd1 
Number of updated asset objects reloaded before import = 0
Number of asset objects unloaded after import = 0
========================================================================
Received Import Request.
  Time of request: 2026-08-17T07:16:29.2915534Z
  Time since last request: 0.0023043 seconds.
  importAddress: GUID: 7448c7529f8b6564bb3357abc07b1ccf - Path: Assets/Standard Assets/Windows/Kinect/TrackingState.cs - Importer: ScriptedImporter/UnityEditor.QuickSearchModule:UnityEditor.Search:ASIAI0B
Importing 'GUID: 7448c7529f8b6564bb3357abc07b1ccf - Path: Assets/Standard Assets/Windows/Kinect/TrackingState.cs - Importer: ScriptedImporter/UnityEditor.QuickSearchModule:UnityEditor.Search:ASIAI0B' with importer (ScriptedImporter : UnityEditor.QuickSearchModule:UnityEditor.Search:ASIAI0B)
Imported 'GUID: 7448c7529f8b6564bb3357abc07b1ccf' -> (Import Result ID: 'bd6482b3f56dcb6a5762067873489012') in 0.008 seconds [static and dynamic dependencies]. Details - ImportResultOutputID=75959c9cccc289c4ee2153c501a07dfe DependenciesID=0d7a4747355e8ea1f2b1a00f60ae771c StaticDependenciesID=aca21d378bd0dec9f0d50aa802d3c893 
Number of updated asset objects reloaded before import = 0
Number of asset objects unloaded after import = 0
========================================================================
Received Import Request.
  Time of request: 2026-08-17T07:16:29.3256884Z
  Time since last request: 0.0005857 seconds.
  importAddress: GUID: 6dcba0f7ec870d94c849f4d8ed860377 - Path: Assets/Standard Assets/Windows/Kinect/KinectCapabilities.cs - Importer: ScriptedImporter/UnityEditor.QuickSearchModule:UnityEditor.Search:ASIAI0B
Importing 'GUID: 6dcba0f7ec870d94c849f4d8ed860377 - Path: Assets/Standard Assets/Windows/Kinect/KinectCapabilities.cs - Importer: ScriptedImporter/UnityEditor.QuickSearchModule:UnityEditor.Search:ASIAI0B' with importer (ScriptedImporter : UnityEditor.QuickSearchModule:UnityEditor.Search:ASIAI0B)
Imported 'GUID: 6dcba0f7ec870d94c849f4d8ed860377' -> (Import Result ID: 'c48f4d9c8adb233e9493c7c6929f30c0') in 0.007 seconds [static and dynamic dependencies]. Details - ImportResultOutputID=2ef0cffb6b57d4c98a32761f40eff045 DependenciesID=2e47f2669dee30139509a3c071b6356e StaticDependenciesID=9cce3b4728dc412b943eab7ad934f820 
Number of updated asset objects reloaded before import = 0
Number of asset objects unloaded after import = 0
========================================================================
Received Import Request.
  Time of request: 2026-08-17T07:16:29.3567955Z
  Time since last request: 0.0007001 seconds.
  importAddress: GUID: 985cae59f29daa947acc082d310c3492 - Path: Assets/Standard Assets/Windows/Kinect/KinectUnityAddinUtils.cs - Importer: ScriptedImporter/UnityEditor.QuickSearchModule:UnityEditor.Search:ASIAI0B
Importing 'GUID: 985cae59f29daa947acc082d310c3492 - Path: Assets/Standard Assets/Windows/Kinect/KinectUnityAddinUtils.cs - Importer: ScriptedImporter/UnityEditor.QuickSearchModule:UnityEditor.Search:ASIAI0B' with importer (ScriptedImporter : UnityEditor.QuickSearchModule:UnityEditor.Search:ASIAI0B)
Imported 'GUID: 985cae59f29daa947acc082d310c3492' -> (Import Result ID: '278b4e133d31bb9981dad417707532b8') in 0.006 seconds [static and dynamic dependencies]. Details - ImportResultOutputID=0f610e65a6d2bd97e528161af0b62046 DependenciesID=ecf5571cc80545a53c17cd4391ddb0c9 StaticDependenciesID=506de22d64b6a78dba88f70f47066100 
Number of updated asset objects reloaded before import = 0
Number of asset objects unloaded after import = 0
========================================================================
Received Import Request.
  Time of request: 2026-08-17T07:16:29.388603Z
  Time since last request: 0.0005892 seconds.
  importAddress: GUID: 1791e2ee3f5ea1343a2694b4e1b3f00f - Path: Assets/Standard Assets/Windows/Kinect/JointType.cs - Importer: ScriptedImporter/UnityEditor.QuickSearchModule:UnityEditor.Search:ASIAI0B
Importing 'GUID: 1791e2ee3f5ea1343a2694b4e1b3f00f - Path: Assets/Standard Assets/Windows/Kinect/JointType.cs - Importer: ScriptedImporter/UnityEditor.QuickSearchModule:UnityEditor.Search:ASIAI0B' with importer (ScriptedImporter : UnityEditor.QuickSearchModule:UnityEditor.Search:ASIAI0B)
Imported 'GUID: 1791e2ee3f5ea1343a2694b4e1b3f00f' -> (Import Result ID: '1bde78e9bc8cacab765361a3be731085') in 0.005 seconds [static and dynamic dependencies]. Details - ImportResultOutputID=644e23382590aaf7de31f25d13c8e7b7 DependenciesID=b32c43803af37ec7dc7a18a569219682 StaticDependenciesID=99f7d01051646538f0effbbd8d40b582 
Number of updated asset objects reloaded before import = 0
Number of asset objects unloaded after import = 0
========================================================================
Received Import Request.
  Time of request: 2026-08-17T07:16:29.4190837Z
  Time since last request: 0.0005059 seconds.
  importAddress: GUID: 19e437f0dfc211640b0b56e1e0221a8f - Path: Assets/Standard Assets/Windows/Kinect/DepthFrameReader.cs - Importer: ScriptedImporter/UnityEditor.QuickSearchModule:UnityEditor.Search:ASIAI0B
Importing 'GUID: 19e437f0dfc211640b0b56e1e0221a8f - Path: Assets/Standard Assets/Windows/Kinect/DepthFrameReader.cs - Importer: ScriptedImporter/UnityEditor.QuickSearchModule:UnityEditor.Search:ASIAI0B' with importer (ScriptedImporter : UnityEditor.QuickSearchModule:UnityEditor.Search:ASIAI0B)
Imported 'GUID: 19e437f0dfc211640b0b56e1e0221a8f' -> (Import Result ID: 'caba43b422c9f40d17ecb1ad27a84454') in 0.013 seconds [static and dynamic dependencies]. Details - ImportResultOutputID=893d6069527eb3d531be7046b8400b35 DependenciesID=ab06bc755ed9a2577c0d76e2f7a54fcc StaticDependenciesID=94725b6b358b2a9cf055b002e628f7f5 
Number of updated asset objects reloaded before import = 0
Number of asset objects unloaded after import = 0
========================================================================
Received Import Request.
  Time of request: 2026-08-17T07:16:29.4693992Z
  Time since last request: 0.0006796 seconds.
  importAddress: GUID: 7568d115ed2fcca4ba26af8d7e3252c6 - Path: Assets/Standard Assets/Windows/Kinect/BodyIndexFrameSource.cs - Importer: ScriptedImporter/UnityEditor.QuickSearchModule:UnityEditor.Search:ASIAI0B
Importing 'GUID: 7568d115ed2fcca4ba26af8d7e3252c6 - Path: Assets/Standard Assets/Windows/Kinect/BodyIndexFrameSource.cs - Importer: ScriptedImporter/UnityEditor.QuickSearchModule:UnityEditor.Search:ASIAI0B' with importer (ScriptedImporter : UnityEditor.QuickSearchModule:UnityEditor.Search:ASIAI0B)
Imported 'GUID: 7568d115ed2fcca4ba26af8d7e3252c6' -> (Import Result ID: '25ae9354749d90d46f5c9f48625c5666') in 0.014 seconds [static and dynamic dependencies]. Details - ImportResultOutputID=295e13bee15358e30bcd487080cf0032 DependenciesID=ab4af16f54008681c58318cb7ba1a0a2 StaticDependenciesID=bebb029bd58c407c21760e141ff83b36 
Number of updated asset objects reloaded before import = 0
Number of asset objects unloaded after import = 0
========================================================================
Received Import Request.
  Time of request: 2026-08-17T07:16:29.5096799Z
  Time since last request: 0.0006512 seconds.
  importAddress: GUID: a5a5ec3f3f1b0064fae54e1512e12887 - Path: Assets/Standard Assets/Windows/Kinect/KinectSensor.cs - Importer: ScriptedImporter/UnityEditor.QuickSearchModule:UnityEditor.Search:ASIAI0B
Importing 'GUID: a5a5ec3f3f1b0064fae54e1512e12887 - Path: Assets/Standard Assets/Windows/Kinect/KinectSensor.cs - Importer: ScriptedImporter/UnityEditor.QuickSearchModule:UnityEditor.Search:ASIAI0B' with importer (ScriptedImporter : UnityEditor.QuickSearchModule:UnityEditor.Search:ASIAI0B)
Imported 'GUID: a5a5ec3f3f1b0064fae54e1512e12887' -> (Import Result ID: '08392c8d9de7011a8ddab5f1d02bf938') in 0.010 seconds [static and dynamic dependencies]. Details - ImportResultOutputID=b666cf220a52d807dc50f2f34d1c8751 DependenciesID=e8fca8fde99309299ee6c6a8b58fff6e StaticDependenciesID=fdf6ea507a3c0ed515bd37f48c537998 
Number of updated asset objects reloaded before import = 0
Number of asset objects unloaded after import = 0
========================================================================
Received Import Request.
  Time of request: 2026-08-17T07:16:29.5470783Z
  Time since last request: 0.0010512 seconds.
  importAddress: GUID: 6722a9a2a7c5eaa4f98f57c7aca7cfab - Path: Assets/Standard Assets/Windows/Kinect/Vector4.cs - Importer: ScriptedImporter/UnityEditor.QuickSearchModule:UnityEditor.Search:ASIAI0B
Importing 'GUID: 6722a9a2a7c5eaa4f98f57c7aca7cfab - Path: Assets/Standard Assets/Windows/Kinect/Vector4.cs - Importer: ScriptedImporter/UnityEditor.QuickSearchModule:UnityEditor.Search:ASIAI0B' with importer (ScriptedImporter : UnityEditor.QuickSearchModule:UnityEditor.Search:ASIAI0B)
Imported 'GUID: 6722a9a2a7c5eaa4f98f57c7aca7cfab' -> (Import Result ID: '6e62733490f5ba280439d75fab9e8ff7') in 0.005 seconds [static and dynamic dependencies]. Details - ImportResultOutputID=2031fa1791d2dda6491d4f9e5304db97 DependenciesID=60dd20bdb2d896c5b48b5d63882d97df StaticDependenciesID=015d3fe6c65e84668a45c54b99c72169 
Number of updated asset objects reloaded before import = 0
Number of asset objects unloaded after import = 0
========================================================================
Received Import Request.
  Time of request: 2026-08-17T07:16:29.5788254Z
  Time since last request: 0.0005357 seconds.
  importAddress: GUID: 8b41da8047304434eb12d404c2f99979 - Path: Assets/Standard Assets/Windows/Kinect/InfraredFrameSource.cs - Importer: ScriptedImporter/UnityEditor.QuickSearchModule:UnityEditor.Search:ASIAI0B
Importing 'GUID: 8b41da8047304434eb12d404c2f99979 - Path: Assets/Standard Assets/Windows/Kinect/InfraredFrameSource.cs - Importer: ScriptedImporter/UnityEditor.QuickSearchModule:UnityEditor.Search:ASIAI0B' with importer (ScriptedImporter : UnityEditor.QuickSearchModule:UnityEditor.Search:ASIAI0B)
Imported 'GUID: 8b41da8047304434eb12d404c2f99979' -> (Import Result ID: '4d8accf9f82ecf47fa223446f247aa08') in 0.010 seconds [static and dynamic dependencies]. Details - ImportResultOutputID=4f67c1af7689f61e19b311cf986cc5e1 DependenciesID=271910bb72438c6499059d6c77646c98 StaticDependenciesID=6c7701cabe76586dd2530aa55e22cc3e 
Number of updated asset objects reloaded before import = 0
Number of asset objects unloaded after import = 0
========================================================================
Received Import Request.
  Time of request: 2026-08-17T07:16:29.6135296Z
  Time since last request: 0.0005492 seconds.
  importAddress: GUID: 31be1a3a8cdc0d1408a7eada947fe966 - Path: Assets/Standard Assets/Windows/Kinect/ColorFrameSource.cs - Importer: ScriptedImporter/UnityEditor.QuickSearchModule:UnityEditor.Search:ASIAI0B
Importing 'GUID: 31be1a3a8cdc0d1408a7eada947fe966 - Path: Assets/Standard Assets/Windows/Kinect/ColorFrameSource.cs - Importer: ScriptedImporter/UnityEditor.QuickSearchModule:UnityEditor.Search:ASIAI0B' with importer (ScriptedImporter : UnityEditor.QuickSearchModule:UnityEditor.Search:ASIAI0B)
Imported 'GUID: 31be1a3a8cdc0d1408a7eada947fe966' -> (Import Result ID: '3fc7b59499d2f30f25b4c247b279310c') in 0.009 seconds [static and dynamic dependencies]. Details - ImportResultOutputID=7491c2098bb676d31d9422db9959cdef DependenciesID=b9ab22e54f3b32fe7b034274b43c2d49 StaticDependenciesID=9a3c8042e278dfd4c049db1e28838634 
Number of updated asset objects reloaded before import = 0
Number of asset objects unloaded after import = 0
========================================================================
Received Import Request.
  Time of request: 2026-08-17T07:16:29.6510952Z
  Time since last request: 0.0009316 seconds.
  importAddress: GUID: f952c082cb03451daed3ee968ac6c63e - Path: Assets/TextMesh Pro/Resources/Style Sheets/Default Style Sheet.asset - Importer: ScriptedImporter/UnityEditor.QuickSearchModule:UnityEditor.Search:ASIAI0B
Importing 'GUID: f952c082cb03451daed3ee968ac6c63e - Path: Assets/TextMesh Pro/Resources/Style Sheets/Default Style Sheet.asset - Importer: ScriptedImporter/UnityEditor.QuickSearchModule:UnityEditor.Search:ASIAI0B' with importer (ScriptedImporter : UnityEditor.QuickSearchModule:UnityEditor.Search:ASIAI0B)
Imported 'GUID: f952c082cb03451daed3ee968ac6c63e' -> (Import Result ID: 'cf4ee27ce948f444133fd8fa891182a6') in 0.011 seconds [static and dynamic dependencies]. Details - ImportResultOutputID=d3bbd95d1e0b3fde633cdf4f1935ce0e DependenciesID=f22b7ec2208a3562434ad3d610d49dda StaticDependenciesID=9f8cd68f6a739ea5af5a1887b4aa3ba7 
Number of updated asset objects reloaded before import = 0
Number of asset objects unloaded after import = 1
========================================================================
Received Import Request.
  Time of request: 2026-08-17T07:16:29.6877052Z
  Time since last request: 0.0019031 seconds.
  importAddress: GUID: a203492c798220244927d338800eec2f - Path: Assets/Standard Assets/Windows/Kinect/ColorImageFormat.cs - Importer: ScriptedImporter/UnityEditor.QuickSearchModule:UnityEditor.Search:ASIAI0B
Importing 'GUID: a203492c798220244927d338800eec2f - Path: Assets/Standard Assets/Windows/Kinect/ColorImageFormat.cs - Importer: ScriptedImporter/UnityEditor.QuickSearchModule:UnityEditor.Search:ASIAI0B' with importer (ScriptedImporter : UnityEditor.QuickSearchModule:UnityEditor.Search:ASIAI0B)
Imported 'GUID: a203492c798220244927d338800eec2f' -> (Import Result ID: 'd6c3d87c336bceb93d5265e43d1676cc') in 0.005 seconds [static and dynamic dependencies]. Details - ImportResultOutputID=5e9855e9b46d6caa4de3408b93cc07dc DependenciesID=e1629f45e89fd912d48571b84104980e StaticDependenciesID=dea8fa3eb763a07d6e133f5f46f31589 
Number of updated asset objects reloaded before import = 0
Number of asset objects unloaded after import = 0
========================================================================
Received Import Request.
  Time of request: 2026-08-17T07:16:29.7236954Z
  Time since last request: 0.0006556 seconds.
  importAddress: GUID: eb5e1a9a4aa7a3f4b8190ab4fab84118 - Path: Assets/Standard Assets/Windows/Kinect/MultiSourceFrame.cs - Importer: ScriptedImporter/UnityEditor.QuickSearchModule:UnityEditor.Search:ASIAI0B
Importing 'GUID: eb5e1a9a4aa7a3f4b8190ab4fab84118 - Path: Assets/Standard Assets/Windows/Kinect/MultiSourceFrame.cs - Importer: ScriptedImporter/UnityEditor.QuickSearchModule:UnityEditor.Search:ASIAI0B' with importer (ScriptedImporter : UnityEditor.QuickSearchModule:UnityEditor.Search:ASIAI0B)
Imported 'GUID: eb5e1a9a4aa7a3f4b8190ab4fab84118' -> (Import Result ID: 'ad77271277e99145d657d7b7223b3da7') in 0.010 seconds [static and dynamic dependencies]. Details - ImportResultOutputID=2ed9be77c0fd0e8b1eeff0276ecc476e DependenciesID=6e77d948e0fecab4b14ea7dfc85f0195 StaticDependenciesID=3ad656af11aac18fb51f6629969304d6 
Number of updated asset objects reloaded before import = 0
Number of asset objects unloaded after import = 0
========================================================================
Received Import Request.
  Time of request: 2026-08-17T07:16:29.7588134Z
  Time since last request: 0.0006876 seconds.
  importAddress: GUID: 13c84518ab4fa60499742f896207e91e - Path: Assets/Standard Assets/Windows/Kinect/Expression.cs - Importer: ScriptedImporter/UnityEditor.QuickSearchModule:UnityEditor.Search:ASIAI0B
Importing 'GUID: 13c84518ab4fa60499742f896207e91e - Path: Assets/Standard Assets/Windows/Kinect/Expression.cs - Importer: ScriptedImporter/UnityEditor.QuickSearchModule:UnityEditor.Search:ASIAI0B' with importer (ScriptedImporter : UnityEditor.QuickSearchModule:UnityEditor.Search:ASIAI0B)
Imported 'GUID: 13c84518ab4fa60499742f896207e91e' -> (Import Result ID: '4cf8c274195d1404a9f298c344a7b8fd') in 0.005 seconds [static and dynamic dependencies]. Details - ImportResultOutputID=051ccc9f8b2d43aded50aa147689cb98 DependenciesID=fa37021e012d978e09697d2757bac615 StaticDependenciesID=adef868495759e3563dea166403fc23b 
Number of updated asset objects reloaded before import = 0
Number of asset objects unloaded after import = 0
========================================================================
Received Import Request.
  Time of request: 2026-08-17T07:16:29.7887453Z
  Time since last request: 0.0006584 seconds.
  importAddress: GUID: 1cc3d786ee7037e40b806839fdca184a - Path: Assets/Standard Assets/Windows/Kinect/DepthFrame.cs - Importer: ScriptedImporter/UnityEditor.QuickSearchModule:UnityEditor.Search:ASIAI0B
Importing 'GUID: 1cc3d786ee7037e40b806839fdca184a - Path: Assets/Standard Assets/Windows/Kinect/DepthFrame.cs - Importer: ScriptedImporter/UnityEditor.QuickSearchModule:UnityEditor.Search:ASIAI0B' with importer (ScriptedImporter : UnityEditor.QuickSearchModule:UnityEditor.Search:ASIAI0B)
Imported 'GUID: 1cc3d786ee7037e40b806839fdca184a' -> (Import Result ID: '5251b1b201945083a81f1221553aad12') in 0.005 seconds [static and dynamic dependencies]. Details - ImportResultOutputID=0111e0a3c5099a95e5a124a67683fe42 DependenciesID=1d8b404f5fa17ff847e6b2fb43092552 StaticDependenciesID=8a5ef7799cc6e126fc4e04fad39cbb86 
Number of updated asset objects reloaded before import = 0
Number of asset objects unloaded after import = 0
========================================================================
Received Import Request.
  Time of request: 2026-08-17T07:16:29.8183759Z
  Time since last request: 0.0004842 seconds.
  importAddress: GUID: dbaaf8e0d23f24848ab81331f4379722 - Path: Assets/Standard Assets/Windows/Kinect/LongExposureInfraredFrameArrivedEventArgs.cs - Importer: ScriptedImporter/UnityEditor.QuickSearchModule:UnityEditor.Search:ASIAI0B
Importing 'GUID: dbaaf8e0d23f24848ab81331f4379722 - Path: Assets/Standard Assets/Windows/Kinect/LongExposureInfraredFrameArrivedEventArgs.cs - Importer: ScriptedImporter/UnityEditor.QuickSearchModule:UnityEditor.Search:ASIAI0B' with importer (ScriptedImporter : UnityEditor.QuickSearchModule:UnityEditor.Search:ASIAI0B)
Imported 'GUID: dbaaf8e0d23f24848ab81331f4379722' -> (Import Result ID: '6d64998393dfa56221a7e5909b94d8f2') in 0.007 seconds [static and dynamic dependencies]. Details - ImportResultOutputID=3398e83fd4e8825a8bbcbe70d8de6ea9 DependenciesID=55c0dbdb45844421a59731ef77c49b7c StaticDependenciesID=b1095c91094f91e9cf933af5571b08f1 
Number of updated asset objects reloaded before import = 0
Number of asset objects unloaded after import = 0
========================================================================
Received Import Request.
  Time of request: 2026-08-17T07:16:29.8511244Z
  Time since last request: 0.0005992 seconds.
  importAddress: GUID: 673826e3a38138946b030da95a1d0f95 - Path: Assets/Standard Assets/Windows/Kinect/BodyIndexFrameArrivedEventArgs.cs - Importer: ScriptedImporter/UnityEditor.QuickSearchModule:UnityEditor.Search:ASIAI0B
Importing 'GUID: 673826e3a38138946b030da95a1d0f95 - Path: Assets/Standard Assets/Windows/Kinect/BodyIndexFrameArrivedEventArgs.cs - Importer: ScriptedImporter/UnityEditor.QuickSearchModule:UnityEditor.Search:ASIAI0B' with importer (ScriptedImporter : UnityEditor.QuickSearchModule:UnityEditor.Search:ASIAI0B)
Imported 'GUID: 673826e3a38138946b030da95a1d0f95' -> (Import Result ID: '4662fce79492738ea0e5dede43668cf6') in 0.018 seconds [static and dynamic dependencies]. Details - ImportResultOutputID=f46d41c1966149a4d7a3a9c960a013a5 DependenciesID=c885070a0d5d1489deb06da04821d043 StaticDependenciesID=4d7e07a1117837e691b9e81a91f216be 
Number of updated asset objects reloaded before import = 0
Number of asset objects unloaded after import = 0
========================================================================
Received Import Request.
  Time of request: 2026-08-17T07:16:29.8977371Z
  Time since last request: 0.0016578 seconds.
  importAddress: GUID: 05fb49d39d96f5a4ea512141fab5cff6 - Path: Assets/Standard Assets/Windows/Kinect/ColorFrameReference.cs - Importer: ScriptedImporter/UnityEditor.QuickSearchModule:UnityEditor.Search:ASIAI0B
Importing 'GUID: 05fb49d39d96f5a4ea512141fab5cff6 - Path: Assets/Standard Assets/Windows/Kinect/ColorFrameReference.cs - Importer: ScriptedImporter/UnityEditor.QuickSearchModule:UnityEditor.Search:ASIAI0B' with importer (ScriptedImporter : UnityEditor.QuickSearchModule:UnityEditor.Search:ASIAI0B)
Imported 'GUID: 05fb49d39d96f5a4ea512141fab5cff6' -> (Import Result ID: '4e3c4f2920d3b33f745cf4deb055cf2c') in 0.006 seconds [static and dynamic dependencies]. Details - ImportResultOutputID=ac0646cc13ad58f6b4ac125d6b264a18 DependenciesID=9799badacbb4eae430d1d0756c5c7e02 StaticDependenciesID=aab7f29bcb6fdda4c2ffdbfe0f48c64d 
Number of updated asset objects reloaded before import = 0
Number of asset objects unloaded after import = 0
========================================================================
Received Import Request.
  Time of request: 2026-08-17T07:16:29.9788379Z
  Time since last request: 0.0452711 seconds.
  importAddress: GUID: 2a409ab125c5216449bc5f005ec045f0 - Path: Assets/Lana Studio/Hyper Casual FX/Prefabs/Shine/Shine_pink.prefab - Importer: ScriptedImporter/UnityEditor.QuickSearchModule:UnityEditor.Search:ASIAI0B
Importing 'GUID: 2a409ab125c5216449bc5f005ec045f0 - Path: Assets/Lana Studio/Hyper Casual FX/Prefabs/Shine/Shine_pink.prefab - Importer: ScriptedImporter/UnityEditor.QuickSearchModule:UnityEditor.Search:ASIAI0B' with importer (ScriptedImporter : UnityEditor.QuickSearchModule:UnityEditor.Search:ASIAI0B)
Imported 'GUID: 2a409ab125c5216449bc5f005ec045f0' -> (Import Result ID: '95b5a373ba9afded1f641d8ec0c0c94a') in 0.411 seconds [static and dynamic dependencies]. Details - ImportResultOutputID=970cd56fc24ad224b6666dd06e9ad889 DependenciesID=5c60d0654c088e39005c12bb5c342f81 StaticDependenciesID=2c092f6004efee23b6f05e1adeddb9d5 
Number of updated asset objects reloaded before import = 0
Number of asset objects unloaded after import = 18
========================================================================
Received Import Request.
  Time of request: 2026-08-17T07:16:30.4187282Z
  Time since last request: 0.0004686 seconds.
  importAddress: GUID: af0d06ad2f476cc43be23ac0f464a510 - Path: Assets/Lana Studio/Hyper Casual FX/Prefabs/Area/Area_fire_red.prefab - Importer: ScriptedImporter/UnityEditor.QuickSearchModule:UnityEditor.Search:ASIAI0B
Importing 'GUID: af0d06ad2f476cc43be23ac0f464a510 - Path: Assets/Lana Studio/Hyper Casual FX/Prefabs/Area/Area_fire_red.prefab - Importer: ScriptedImporter/UnityEditor.QuickSearchModule:UnityEditor.Search:ASIAI0B' with importer (ScriptedImporter : UnityEditor.QuickSearchModule:UnityEditor.Search:ASIAI0B)
Imported 'GUID: af0d06ad2f476cc43be23ac0f464a510' -> (Import Result ID: '71fa83047dbdf816b49d2211d9e76abb') in 0.233 seconds [static and dynamic dependencies]. Details - ImportResultOutputID=76ac1d9f3544104dfe9f4c7f6a7d25b0 DependenciesID=6fe1a5a786030dfda2ed3dd5ab808d84 StaticDependenciesID=dafb3931ac90e3a2164833124b4275e6 
Number of updated asset objects reloaded before import = 0
Number of asset objects unloaded after import = 27
========================================================================
Received Import Request.
  Time of request: 2026-08-17T07:16:30.686932Z
  Time since last request: 0.0000626 seconds.
  importAddress: GUID: 7bcaf917d9cf5b84090421a5a2abe42e - Path: Assets/Plugins/Demigiant/DOTween/Modules/DOTweenModuleUtils.cs - Importer: ScriptedImporter/UnityEditor.QuickSearchModule:UnityEditor.Search:ASIAI0B
Importing 'GUID: 7bcaf917d9cf5b84090421a5a2abe42e - Path: Assets/Plugins/Demigiant/DOTween/Modules/DOTweenModuleUtils.cs - Importer: ScriptedImporter/UnityEditor.QuickSearchModule:UnityEditor.Search:ASIAI0B' with importer (ScriptedImporter : UnityEditor.QuickSearchModule:UnityEditor.Search:ASIAI0B)
Imported 'GUID: 7bcaf917d9cf5b84090421a5a2abe42e' -> (Import Result ID: '6257768f44b05bf94c31477482236f89') in 0.009 seconds [static and dynamic dependencies]. Details - ImportResultOutputID=c54bd02b0a25d18846fc8e872a514842 DependenciesID=e4b14d9526f1a85a1e0ba9441ada309d StaticDependenciesID=2dc8ce27c415d8cd0ac0dfc6b29f4a9d 
Number of updated asset objects reloaded before import = 0
Number of asset objects unloaded after import = 0
========================================================================
Received Import Request.
  Time of request: 2026-08-17T07:16:30.7401868Z
  Time since last request: 0.0009144 seconds.
  importAddress: GUID: 45d5034162d6cf04dbe46da84fc7d074 - Path: Assets/Plugins/Demigiant/DOTween/Editor/DOTweenEditor.dll - Importer: ScriptedImporter/UnityEditor.QuickSearchModule:UnityEditor.Search:ASIAI0B
Importing 'GUID: 45d5034162d6cf04dbe46da84fc7d074 - Path: Assets/Plugins/Demigiant/DOTween/Editor/DOTweenEditor.dll - Importer: ScriptedImporter/UnityEditor.QuickSearchModule:UnityEditor.Search:ASIAI0B' with importer (ScriptedImporter : UnityEditor.QuickSearchModule:UnityEditor.Search:ASIAI0B)
Imported 'GUID: 45d5034162d6cf04dbe46da84fc7d074' -> (Import Result ID: '5533c9ed9864d9d29650aa225e62a335') in 0.012 seconds [static and dynamic dependencies]. Details - ImportResultOutputID=97980cc18449da728111062189491fa0 DependenciesID=3d6f38a060cbc1517b32e6837eacc8ab StaticDependenciesID=aed89d450499c0260e1295ae62094124 
Number of updated asset objects reloaded before import = 0
Number of asset objects unloaded after import = 0
========================================================================
Received Import Request.
  Time of request: 2026-08-17T07:16:30.7862778Z
  Time since last request: 0.0009345 seconds.
  importAddress: GUID: d6ef2e411e27dfd4fac18e2fb4329e55 - Path: Assets/Lana Studio/Hyper Casual FX/Demo/Scenes/LanaDemo01/LightingData.asset - Importer: ScriptedImporter/UnityEditor.QuickSearchModule:UnityEditor.Search:ASIAI0B
Importing 'GUID: d6ef2e411e27dfd4fac18e2fb4329e55 - Path: Assets/Lana Studio/Hyper Casual FX/Demo/Scenes/LanaDemo01/LightingData.asset - Importer: ScriptedImporter/UnityEditor.QuickSearchModule:UnityEditor.Search:ASIAI0B' with importer (ScriptedImporter : UnityEditor.QuickSearchModule:UnityEditor.Search:ASIAI0B)
Imported 'GUID: d6ef2e411e27dfd4fac18e2fb4329e55' -> (Import Result ID: '810fdc5811d74b6da742f658dcb2784f') in 0.011 seconds [static and dynamic dependencies]. Details - ImportResultOutputID=3995647813495e27f4e0ce449334e487 DependenciesID=ec88536d1f1ada3f0d6fe13791c980eb StaticDependenciesID=ab7b2a847d32776917de29f87888fb32 
Number of updated asset objects reloaded before import = 0
Number of asset objects unloaded after import = 2
========================================================================
Received Import Request.
  Time of request: 2026-08-17T07:16:30.8266279Z
  Time since last request: 0.0006311 seconds.
  importAddress: GUID: 399119544cbc32343905781d93df6e1f - Path: Assets/Lana Studio/Hyper Casual FX/Demo/Scenes/LanaDemo03.unity - Importer: ScriptedImporter/UnityEditor.QuickSearchModule:UnityEditor.Search:ASIAI0B
Importing 'GUID: 399119544cbc32343905781d93df6e1f - Path: Assets/Lana Studio/Hyper Casual FX/Demo/Scenes/LanaDemo03.unity - Importer: ScriptedImporter/UnityEditor.QuickSearchModule:UnityEditor.Search:ASIAI0B' with importer (ScriptedImporter : UnityEditor.QuickSearchModule:UnityEditor.Search:ASIAI0B)
Imported 'GUID: 399119544cbc32343905781d93df6e1f' -> (Import Result ID: '1d509e717fff12380d41f7036c8911d7') in 0.049 seconds [static and dynamic dependencies]. Details - ImportResultOutputID=d2f1a39becbbeeb04a5ef003216b69a6 DependenciesID=b0ea9ab3f68f614d734ebc8caee77757 StaticDependenciesID=db24c3cfd906beafac9c0e02283021eb 
Number of updated asset objects reloaded before import = 0
Number of asset objects unloaded after import = 1
========================================================================
Received Import Request.
  Time of request: 2026-08-17T07:16:30.9082374Z
  Time since last request: 0.0009372 seconds.
  importAddress: GUID: 63c02322328255542995bd02b47b0457 - Path: Assets/Plugins/Demigiant/DOTween/Modules/DOTweenModuleUnityVersion.cs - Importer: ScriptedImporter/UnityEditor.QuickSearchModule:UnityEditor.Search:ASIAI0B
Importing 'GUID: 63c02322328255542995bd02b47b0457 - Path: Assets/Plugins/Demigiant/DOTween/Modules/DOTweenModuleUnityVersion.cs - Importer: ScriptedImporter/UnityEditor.QuickSearchModule:UnityEditor.Search:ASIAI0B' with importer (ScriptedImporter : UnityEditor.QuickSearchModule:UnityEditor.Search:ASIAI0B)
Imported 'GUID: 63c02322328255542995bd02b47b0457' -> (Import Result ID: 'ea44de38e7df0dbbcab8d1751ffb04aa') in 0.014 seconds [static and dynamic dependencies]. Details - ImportResultOutputID=9e5dab3a71dfd3d80cfd6622b233fb5d DependenciesID=0a451d40e02f3034e2dade917f0d037f StaticDependenciesID=38e165b4baed3bba609b5d27650b0758 
Number of updated asset objects reloaded before import = 0
Number of asset objects unloaded after import = 0
========================================================================
Received Import Request.
  Time of request: 2026-08-17T07:16:30.9575515Z
  Time since last request: 0.000575 seconds.
  importAddress: GUID: 78a59ca99f8987941adb61f9e14a06a7 - Path: Assets/Plugins/Demigiant/DOTween/Editor/Imgs/Header.jpg - Importer: ScriptedImporter/UnityEditor.QuickSearchModule:UnityEditor.Search:ASIAI0B
Importing 'GUID: 78a59ca99f8987941adb61f9e14a06a7 - Path: Assets/Plugins/Demigiant/DOTween/Editor/Imgs/Header.jpg - Importer: ScriptedImporter/UnityEditor.QuickSearchModule:UnityEditor.Search:ASIAI0B' with importer (ScriptedImporter : UnityEditor.QuickSearchModule:UnityEditor.Search:ASIAI0B)
Imported 'GUID: 78a59ca99f8987941adb61f9e14a06a7' -> (Import Result ID: '36a6af061506596c99e1a513373904df') in 0.026 seconds [static and dynamic dependencies]. Details - ImportResultOutputID=7554ce269c59c649974cae6795728399 DependenciesID=0dea9f049f9e171448d247ac62277eb9 StaticDependenciesID=86eef2f752cd4a579e4617485f6f2f3b 
Number of updated asset objects reloaded before import = 0
Number of asset objects unloaded after import = 1
========================================================================
Received Import Request.
  Time of request: 2026-08-17T07:16:31.0162847Z
  Time since last request: 0.0009077 seconds.
  importAddress: GUID: 8da095e39e9b4df488dfd436f81116d6 - Path: Assets/Plugins/Demigiant/DOTween/Editor/Imgs/DOTweenIcon.png - Importer: ScriptedImporter/UnityEditor.QuickSearchModule:UnityEditor.Search:ASIAI0B
Importing 'GUID: 8da095e39e9b4df488dfd436f81116d6 - Path: Assets/Plugins/Demigiant/DOTween/Editor/Imgs/DOTweenIcon.png - Importer: ScriptedImporter/UnityEditor.QuickSearchModule:UnityEditor.Search:ASIAI0B' with importer (ScriptedImporter : UnityEditor.QuickSearchModule:UnityEditor.Search:ASIAI0B)
Imported 'GUID: 8da095e39e9b4df488dfd436f81116d6' -> (Import Result ID: '2f419575e41e1529bf06a5eeb24f2687') in 0.028 seconds [static and dynamic dependencies]. Details - ImportResultOutputID=a116019e47a575a4846b84fbf69e6b44 DependenciesID=8fbfd418fe4e1a29daa875816740864e StaticDependenciesID=0ab5073356bdb46dfcf0f49d5c8bb758 
Number of updated asset objects reloaded before import = 0
Number of asset objects unloaded after import = 1
========================================================================
Received Import Request.
  Time of request: 2026-08-17T07:16:31.0830693Z
  Time since last request: 0.0006761 seconds.
  importAddress: GUID: b8911b4c1f95d5b4db62973fe22e9311 - Path: Assets/Lana Studio/Hyper Casual FX/Demo/Animations/SwitchFX_4s.controller - Importer: ScriptedImporter/UnityEditor.QuickSearchModule:UnityEditor.Search:ASIAI0B
Importing 'GUID: b8911b4c1f95d5b4db62973fe22e9311 - Path: Assets/Lana Studio/Hyper Casual FX/Demo/Animations/SwitchFX_4s.controller - Importer: ScriptedImporter/UnityEditor.QuickSearchModule:UnityEditor.Search:ASIAI0B' with importer (ScriptedImporter : UnityEditor.QuickSearchModule:UnityEditor.Search:ASIAI0B)
Imported 'GUID: b8911b4c1f95d5b4db62973fe22e9311' -> (Import Result ID: '4d3d9244790e75ddd828b952137f67a8') in 0.015 seconds [static and dynamic dependencies]. Details - ImportResultOutputID=1f740cbcc135a7a7cdac6061334d49c9 DependenciesID=95311f82cef134b3bb6bd51e5fff1274 StaticDependenciesID=98bd800cde453b5eeda8b46663aed6d0 
Number of updated asset objects reloaded before import = 0
Number of asset objects unloaded after import = 4
========================================================================
Received Import Request.
  Time of request: 2026-08-17T07:16:31.1296981Z
  Time since last request: 0.0000657 seconds.
  importAddress: GUID: 0c0a6d2683fb84e4193f2aa968264881 - Path: Assets/Plugins/Demigiant/DOTween/Modules/DOTweenModuleUIToolkit.cs - Importer: ScriptedImporter/UnityEditor.QuickSearchModule:UnityEditor.Search:ASIAI0B
Importing 'GUID: 0c0a6d2683fb84e4193f2aa968264881 - Path: Assets/Plugins/Demigiant/DOTween/Modules/DOTweenModuleUIToolkit.cs - Importer: ScriptedImporter/UnityEditor.QuickSearchModule:UnityEditor.Search:ASIAI0B' with importer (ScriptedImporter : UnityEditor.QuickSearchModule:UnityEditor.Search:ASIAI0B)
Imported 'GUID: 0c0a6d2683fb84e4193f2aa968264881' -> (Import Result ID: '6f177ca9d3b0f85b2fb59e3e0816bf06') in 0.007 seconds [static and dynamic dependencies]. Details - ImportResultOutputID=53a40fa007c4fca61327b28012e25b17 DependenciesID=0b8fdb27bf2a69aeed4019d2d34825cf StaticDependenciesID=3af092fbc6f2ad5f915aa61077bc4eec 
Number of updated asset objects reloaded before import = 0
Number of asset objects unloaded after import = 0
========================================================================
Received Import Request.
  Time of request: 2026-08-17T07:16:31.1657163Z
  Time since last request: 0.0007029 seconds.
  importAddress: GUID: b6e54acc881a03c4a9719b161a25a3e3 - Path: Assets/Lana Studio/Hyper Casual FX/Prefabs/Shine/Shine_ellow.prefab - Importer: ScriptedImporter/UnityEditor.QuickSearchModule:UnityEditor.Search:ASIAI0B
Importing 'GUID: b6e54acc881a03c4a9719b161a25a3e3 - Path: Assets/Lana Studio/Hyper Casual FX/Prefabs/Shine/Shine_ellow.prefab - Importer: ScriptedImporter/UnityEditor.QuickSearchModule:UnityEditor.Search:ASIAI0B' with importer (ScriptedImporter : UnityEditor.QuickSearchModule:UnityEditor.Search:ASIAI0B)
Imported 'GUID: b6e54acc881a03c4a9719b161a25a3e3' -> (Import Result ID: 'da039b08df48c3e1979f964b22ce050d') in 0.122 seconds [static and dynamic dependencies]. Details - ImportResultOutputID=00d4cc409fcd168f1a0d262fd9581668 DependenciesID=418a683ef7551bab04b60e09f037ed63 StaticDependenciesID=c033b4b808b5648dd294b231c4abd42b 
Number of updated asset objects reloaded before import = 0
Number of asset objects unloaded after import = 18
========================================================================
Received Import Request.
  Time of request: 2026-08-17T07:16:31.3170525Z
  Time since last request: 0.0000763 seconds.
  importAddress: GUID: 2f170d02365b50f4b8daf940c1bf32b0 - Path: Assets/Lana Studio/Hyper Casual FX/Demo/Scenes/LanaDemo01.unity - Importer: ScriptedImporter/UnityEditor.QuickSearchModule:UnityEditor.Search:ASIAI0B
Importing 'GUID: 2f170d02365b50f4b8daf940c1bf32b0 - Path: Assets/Lana Studio/Hyper Casual FX/Demo/Scenes/LanaDemo01.unity - Importer: ScriptedImporter/UnityEditor.QuickSearchModule:UnityEditor.Search:ASIAI0B' with importer (ScriptedImporter : UnityEditor.QuickSearchModule:UnityEditor.Search:ASIAI0B)
Imported 'GUID: 2f170d02365b50f4b8daf940c1bf32b0' -> (Import Result ID: '6195d24f4bc764947e414402f2a424ed') in 0.044 seconds [static and dynamic dependencies]. Details - ImportResultOutputID=d4fafb2f960cb98983697b74ca658644 DependenciesID=7e28079546b13c1692acf67581f1df2d StaticDependenciesID=78719f9e7b89035924fbd4a2380161f8 
Number of updated asset objects reloaded before import = 0
Number of asset objects unloaded after import = 1
========================================================================
Received Import Request.
  Time of request: 2026-08-17T07:16:31.3981704Z
  Time since last request: 0.0007867 seconds.
  importAddress: GUID: b219c04f384e7f345bb8ae1fef443965 - Path: Assets/Lana Studio/Hyper Casual FX/Prefabs/Flash/Flash_star_ellow_purple.prefab - Importer: ScriptedImporter/UnityEditor.QuickSearchModule:UnityEditor.Search:ASIAI0B
Importing 'GUID: b219c04f384e7f345bb8ae1fef443965 - Path: Assets/Lana Studio/Hyper Casual FX/Prefabs/Flash/Flash_star_ellow_purple.prefab - Importer: ScriptedImporter/UnityEditor.QuickSearchModule:UnityEditor.Search:ASIAI0B' with importer (ScriptedImporter : UnityEditor.QuickSearchModule:UnityEditor.Search:ASIAI0B)
Imported 'GUID: b219c04f384e7f345bb8ae1fef443965' -> (Import Result ID: '0da8e4d3312a2b471e83ab6747ff9eab') in 0.114 seconds [static and dynamic dependencies]. Details - ImportResultOutputID=33143f91749b2d92d38106d8fe5ca3d8 DependenciesID=507b4720b974e23f98ecfeb6e29ef893 StaticDependenciesID=fd4bced9de552c6f3596e53f47bd962f 
Number of updated asset objects reloaded before import = 0
Number of asset objects unloaded after import = 22
========================================================================
Received Import Request.
  Time of request: 2026-08-17T07:16:31.543193Z
  Time since last request: 0.0000352 seconds.
  importAddress: GUID: 4e12b3c53c0f8ee4da83655d8d2770d5 - Path: Assets/Lana Studio/Hyper Casual FX/Prefabs/Dust/Dust_permanently_blue.prefab - Importer: ScriptedImporter/UnityEditor.QuickSearchModule:UnityEditor.Search:ASIAI0B
Importing 'GUID: 4e12b3c53c0f8ee4da83655d8d2770d5 - Path: Assets/Lana Studio/Hyper Casual FX/Prefabs/Dust/Dust_permanently_blue.prefab - Importer: ScriptedImporter/UnityEditor.QuickSearchModule:UnityEditor.Search:ASIAI0B' with importer (ScriptedImporter : UnityEditor.QuickSearchModule:UnityEditor.Search:ASIAI0B)
Imported 'GUID: 4e12b3c53c0f8ee4da83655d8d2770d5' -> (Import Result ID: 'b7f557f100731d8e93c243cf3451bd26') in 0.104 seconds [static and dynamic dependencies]. Details - ImportResultOutputID=02e046f7d6bf1081d2c0fbe32dbe9f99 DependenciesID=6af693757c85e9a0c71216fdb9ba3737 StaticDependenciesID=89d07ad4722416e18e3b77917129f81e 
Number of updated asset objects reloaded before import = 0
Number of asset objects unloaded after import = 14
========================================================================
Received Import Request.
  Time of request: 2026-08-17T07:16:31.6822441Z
  Time since last request: 0.0000427 seconds.
  importAddress: GUID: 8f46310a8b0a8f04a92993c37c713243 - Path: Assets/Plugins/Demigiant/DOTween/Editor/DOTweenEditor.dll.mdb - Importer: ScriptedImporter/UnityEditor.QuickSearchModule:UnityEditor.Search:ASIAI0B
Importing 'GUID: 8f46310a8b0a8f04a92993c37c713243 - Path: Assets/Plugins/Demigiant/DOTween/Editor/DOTweenEditor.dll.mdb - Importer: ScriptedImporter/UnityEditor.QuickSearchModule:UnityEditor.Search:ASIAI0B' with importer (ScriptedImporter : UnityEditor.QuickSearchModule:UnityEditor.Search:ASIAI0B)
Imported 'GUID: 8f46310a8b0a8f04a92993c37c713243' -> (Import Result ID: 'c7d3a618ef61727f67b7f0976fbe7c87') in 0.008 seconds [static and dynamic dependencies]. Details - ImportResultOutputID=493f11deae68f4dceac31d6dd425adb6 DependenciesID=81965684865c5d33451bcdd1aaa2f758 StaticDependenciesID=569fcc67fe54166c1ba68f9f0a3c6752 
Number of updated asset objects reloaded before import = 0
Number of asset objects unloaded after import = 1
========================================================================
Received Import Request.
  Time of request: 2026-08-17T07:16:31.7200356Z
  Time since last request: 0.0000619 seconds.
  importAddress: GUID: 155410a7086d1d34ca48c448dfc33156 - Path: Assets/Lana Studio/Hyper Casual FX/Prefabs/Water/Water_blast_blue.prefab - Importer: ScriptedImporter/UnityEditor.QuickSearchModule:UnityEditor.Search:ASIAI0B
Importing 'GUID: 155410a7086d1d34ca48c448dfc33156 - Path: Assets/Lana Studio/Hyper Casual FX/Prefabs/Water/Water_blast_blue.prefab - Importer: ScriptedImporter/UnityEditor.QuickSearchModule:UnityEditor.Search:ASIAI0B' with importer (ScriptedImporter : UnityEditor.QuickSearchModule:UnityEditor.Search:ASIAI0B)
Imported 'GUID: 155410a7086d1d34ca48c448dfc33156' -> (Import Result ID: 'aa2c022d2d90604dceb5503adcec3c2e') in 0.134 seconds [static and dynamic dependencies]. Details - ImportResultOutputID=e60f50fed141e52d8bfd827215f180f1 DependenciesID=051139a81a7869c1b807e8c69afd6c71 StaticDependenciesID=e0ebde60d6ca686a8f7c4657d15b9742 
Number of updated asset objects reloaded before import = 0
Number of asset objects unloaded after import = 18
========================================================================
Received Import Request.
  Time of request: 2026-08-17T07:16:31.891537Z
  Time since last request: 0.0010764 seconds.
  importAddress: GUID: 49057b33ea71fbb4da4e8f02a8db9f28 - Path: Assets/Lana Studio/Hyper Casual FX/Prefabs/Sparkle/Sparkle_ellow.prefab - Importer: ScriptedImporter/UnityEditor.QuickSearchModule:UnityEditor.Search:ASIAI0B
Importing 'GUID: 49057b33ea71fbb4da4e8f02a8db9f28 - Path: Assets/Lana Studio/Hyper Casual FX/Prefabs/Sparkle/Sparkle_ellow.prefab - Importer: ScriptedImporter/UnityEditor.QuickSearchModule:UnityEditor.Search:ASIAI0B' with importer (ScriptedImporter : UnityEditor.QuickSearchModule:UnityEditor.Search:ASIAI0B)
Imported 'GUID: 49057b33ea71fbb4da4e8f02a8db9f28' -> (Import Result ID: '480ea840ed2c279eac3a110e4f075aed') in 0.116 seconds [static and dynamic dependencies]. Details - ImportResultOutputID=83413f59e764eb66944d60e66dd11aa3 DependenciesID=8a2f980a9cc211b0399964a2ee394639 StaticDependenciesID=7d04e17668e16857abb06ecbe4b73e26 
Number of updated asset objects reloaded before import = 0
Number of asset objects unloaded after import = 14
========================================================================
Received Import Request.
  Time of request: 2026-08-17T07:16:32.0543797Z
  Time since last request: 0.0002519 seconds.
  importAddress: GUID: 895c6d094b6b213418cddcfb520298e9 - Path: Assets/Lana Studio/Hyper Casual FX/Prefabs/Flash/Flash_magic_ellow_blue.prefab - Importer: ScriptedImporter/UnityEditor.QuickSearchModule:UnityEditor.Search:ASIAI0B
Importing 'GUID: 895c6d094b6b213418cddcfb520298e9 - Path: Assets/Lana Studio/Hyper Casual FX/Prefabs/Flash/Flash_magic_ellow_blue.prefab - Importer: ScriptedImporter/UnityEditor.QuickSearchModule:UnityEditor.Search:ASIAI0B' with importer (ScriptedImporter : UnityEditor.QuickSearchModule:UnityEditor.Search:ASIAI0B)
Imported 'GUID: 895c6d094b6b213418cddcfb520298e9' -> (Import Result ID: '921ce130503272459b8eab07ddd656dc') in 0.103 seconds [static and dynamic dependencies]. Details - ImportResultOutputID=5c516feea83bbf6db75cc832b4e5144f DependenciesID=4f708ed9415c1a4358489ccc12067b98 StaticDependenciesID=4e1fbdafdf792928bce16a65e36a901b 
Number of updated asset objects reloaded before import = 0
Number of asset objects unloaded after import = 22
========================================================================
Received Prepare
AcceleratorClientConnectionCallback - disconnected - :0
Assembly reference Packages/com.unity.cinemachine/Editor/Samples/ExposeHDRPInternals/HDRP-Editor-ref.asmref has no target assembly definition
Assembly reference Packages/com.unity.cinemachine/Editor/Samples/ExposeHDRPInternals/HDRP-Editor-ref.asmref has no target assembly definition
[Licensing::Client] Successfully resolved entitlement details
Begin MonoManager ReloadAssembly
Assembly reference Packages/com.unity.cinemachine/Editor/Samples/ExposeHDRPInternals/HDRP-Editor-ref.asmref has no target assembly definition
Assembly reference Packages/com.unity.cinemachine/Editor/Samples/ExposeHDRPInternals/HDRP-Editor-ref.asmref has no target assembly definition
'Packages/com.unity.cinemachine/Editor/Obsolete/CinemachineVirtualCameraBaseEditor.cs' contains partial class of Unity.Object, exactly 1 of the partial classes needs to be in a file with the same filename. This is to know the one that can be referenced from ie. GameObjects
'Packages/com.unity.cinemachine/Editor/Editors/CinemachineVirtualCameraBaseEditor.cs' contains partial class of Unity.Object, exactly 1 of the partial classes needs to be in a file with the same filename. This is to know the one that can be referenced from ie. GameObjects
Refreshing native plugins compatible for Editor in 3.13 ms, found 3 plugins.
Native extension for UWP target not found
Native extension for WindowsStandalone target not found
Native extension for WebGL target not found
[Package Manager] Failed to launch server process. Reason: Unity was launched with the -noUpm command-line argument
[Package Manager] Unable to send message (not connected to server process).
[Package Manager] Cannot connect to Unity Package Manager local server
[Package Manager] Failed to launch server process. Reason: Unity was launched with the -noUpm command-line argument
[Package Manager] Unable to send message (not connected to server process).
[Package Manager] Cannot connect to Unity Package Manager local server
[Package Manager] Failed to launch server process. Reason: Unity was launched with the -noUpm command-line argument
[Package Manager] Unable to send message (not connected to server process).
[Package Manager] Cannot connect to Unity Package Manager local server
ScheduleIndexationOnStartup MainProcess:False IndexOnStartup:True
Mono: successfully reloaded assembly
- Finished resetting the current domain, in  1.296 seconds
Domain Reload Profiling: 3060ms
	BeginReloadAssembly (474ms)
		DisableScriptedObjects (18ms)
		CreateAndSetChildDomain (110ms)
	RebuildCommonClasses (15ms)
	RebuildNativeTypeToScriptingClass (36ms)
	initialDomainReloadingComplete (118ms)
	LoadAllAssembliesAndSetupDomain (1118ms)
		LoadAssemblies (773ms)
		AnalyzeDomain (333ms)
			TypeCache.Refresh (35ms)
				TypeCache.ScanAssembly (18ms)
			BuildScriptInfoCaches (284ms)
			ResolveRequiredComponents (10ms)
	FinalizeReload (1298ms)
		SetupLoadedEditorAssemblies (0ms)
			InitializePlatformSupportModulesInManaged (4ms)
			BeforeProcessingInitializeOnLoad (183ms)
			ProcessInitializeOnLoadAttributes (375ms)
			ProcessInitializeOnLoadMethodAttributes (217ms)
			AfterProcessingInitializeOnLoad (16ms)
		AwakeInstancesAfterBackupRestoration (46ms)
Shader Hidden/ChartRasterizerHardware is not supported: GPU does not support conservative rasterization
Refreshing native plugins compatible for Editor in 3.21 ms, found 3 plugins.
Unloading 30 Unused Serialized files (Serialized files now loaded: 0)
Unloading 6242 unused Assets / (6.2 MB). Loaded Objects now: 7272.
Memory consumption went from 316.0 MB to 309.8 MB.
Total: 15.903500 ms (FindLiveObjects: 1.503900 ms CreateObjectMapping: 2.688900 ms MarkObjects: 8.216600 ms  DeleteObjects: 3.492000 ms)

Prepare: number of updated asset objects reloaded= 1
========================================================================
Received Prepare
AcceleratorClientConnectionCallback - disconnected - :0
Assembly reference Packages/com.unity.cinemachine/Editor/Samples/ExposeHDRPInternals/HDRP-Editor-ref.asmref has no target assembly definition
Assembly reference Packages/com.unity.cinemachine/Editor/Samples/ExposeHDRPInternals/HDRP-Editor-ref.asmref has no target assembly definition
[Licensing::Client] Successfully resolved entitlement details
Begin MonoManager ReloadAssembly
Assembly reference Packages/com.unity.cinemachine/Editor/Samples/ExposeHDRPInternals/HDRP-Editor-ref.asmref has no target assembly definition
Assembly reference Packages/com.unity.cinemachine/Editor/Samples/ExposeHDRPInternals/HDRP-Editor-ref.asmref has no target assembly definition
'Packages/com.unity.cinemachine/Editor/Obsolete/CinemachineVirtualCameraBaseEditor.cs' contains partial class of Unity.Object, exactly 1 of the partial classes needs to be in a file with the same filename. This is to know the one that can be referenced from ie. GameObjects
'Packages/com.unity.cinemachine/Editor/Editors/CinemachineVirtualCameraBaseEditor.cs' contains partial class of Unity.Object, exactly 1 of the partial classes needs to be in a file with the same filename. This is to know the one that can be referenced from ie. GameObjects
Refreshing native plugins compatible for Editor in 3.15 ms, found 3 plugins.
Native extension for UWP target not found
Native extension for WindowsStandalone target not found
Native extension for WebGL target not found
[Package Manager] Failed to launch server process. Reason: Unity was launched with the -noUpm command-line argument
[Package Manager] Unable to send message (not connected to server process).
[Package Manager] Cannot connect to Unity Package Manager local server
[Package Manager] Failed to launch server process. Reason: Unity was launched with the -noUpm command-line argument
[Package Manager] Unable to send message (not connected to server process).
[Package Manager] Cannot connect to Unity Package Manager local server
[Package Manager] Failed to launch server process. Reason: Unity was launched with the -noUpm command-line argument
[Package Manager] Unable to send message (not connected to server process).
[Package Manager] Cannot connect to Unity Package Manager local server
ScheduleIndexationOnStartup MainProcess:False IndexOnStartup:True
Mono: successfully reloaded assembly
- Finished resetting the current domain, in  1.249 seconds
Domain Reload Profiling: 3039ms
	BeginReloadAssembly (482ms)
		DisableScriptedObjects (22ms)
		CreateAndSetChildDomain (85ms)
	RebuildCommonClasses (15ms)
	RebuildNativeTypeToScriptingClass (36ms)
	initialDomainReloadingComplete (116ms)
	LoadAllAssembliesAndSetupDomain (1140ms)
		LoadAssemblies (822ms)
		AnalyzeDomain (334ms)
			TypeCache.Refresh (49ms)
				TypeCache.ScanAssembly (30ms)
			BuildScriptInfoCaches (272ms)
			ResolveRequiredComponents (10ms)
	FinalizeReload (1250ms)
		SetupLoadedEditorAssemblies (0ms)
			InitializePlatformSupportModulesInManaged (4ms)
			BeforeProcessingInitializeOnLoad (182ms)
			ProcessInitializeOnLoadAttributes (348ms)
			ProcessInitializeOnLoadMethodAttributes (216ms)
			AfterProcessingInitializeOnLoad (16ms)
		AwakeInstancesAfterBackupRestoration (51ms)
Shader Hidden/ChartRasterizerHardware is not supported: GPU does not support conservative rasterization
Refreshing native plugins compatible for Editor in 3.06 ms, found 3 plugins.
Unloading 30 Unused Serialized files (Serialized files now loaded: 0)
Unloading 6244 unused Assets / (6.2 MB). Loaded Objects now: 7276.
Memory consumption went from 317.0 MB to 310.8 MB.
Total: 17.011100 ms (FindLiveObjects: 1.651900 ms CreateObjectMapping: 2.746100 ms MarkObjects: 8.583000 ms  DeleteObjects: 4.028100 ms)

Prepare: number of updated asset objects reloaded= 0
========================================================================
Received Import Request.
  Time of request: 2026-08-17T07:29:09.5834504Z
  Time since last request: 757.366173 seconds.
  importAddress: GUID: 8105016687592461f977c054a80ce2f2 - Path: Assets/Readme.asset - Importer: PreviewImporter
Importing 'GUID: 8105016687592461f977c054a80ce2f2 - Path: Assets/Readme.asset - Importer: PreviewImporter' with importer (PreviewImporter)
Imported 'GUID: 8105016687592461f977c054a80ce2f2' -> (Import Result ID: '36a8b6889908859471163906855df720') in 0.045 seconds [static and dynamic dependencies]. Details - ImportResultOutputID=5fbf3bb5365282751b95b2d7eaa99ea3 DependenciesID=d6efd8fd84b941e38a1ed8dd897e79c2 StaticDependenciesID=4795b48e439856f208776d05005624d9 
Number of updated asset objects reloaded before import = 0
Number of asset objects unloaded after import = 2
========================================================================
Received Import Request.
  Time of request: 2026-08-17T07:29:09.6516122Z
  Time since last request: 0.0002678 seconds.
  importAddress: GUID: 0cf8b3ef00bfb5640b33372e4b24905e - Path: Assets/timer.psd - Importer: PreviewImporter
Importing 'GUID: 0cf8b3ef00bfb5640b33372e4b24905e - Path: Assets/timer.psd - Importer: PreviewImporter' with importer (PreviewImporter)
Imported 'GUID: 0cf8b3ef00bfb5640b33372e4b24905e' -> (Import Result ID: '4a54f975a8d772b0f1e9862c18bac741') in 0.137 seconds [static and dynamic dependencies]. Details - ImportResultOutputID=fabc8095edab6bdb4034b5aeaefdc9e2 DependenciesID=534e2759d3ccb852906cbb0620be1822 StaticDependenciesID=1a0482d783748a16c3f1f14d82c75c35 
Number of updated asset objects reloaded before import = 0
Number of asset objects unloaded after import = 2
========================================================================
Received Import Request.
  Time of request: 2026-08-17T07:29:13.1599809Z
  Time since last request: 3.3510344 seconds.
  importAddress: GUID: 08e6af5b173f54c4fa7b7b6390029538 - Path: Assets/Scenes/vecteezy_abstract-brick-wall-corridor_2160587.mp4 - Importer: PreviewImporter
Importing 'GUID: 08e6af5b173f54c4fa7b7b6390029538 - Path: Assets/Scenes/vecteezy_abstract-brick-wall-corridor_2160587.mp4 - Importer: PreviewImporter' with importer (PreviewImporter)
Imported 'GUID: 08e6af5b173f54c4fa7b7b6390029538' -> (Import Result ID: 'f430f0aee3addd4ab95fa44073fb8e40') in 0.002 seconds [static and dynamic dependencies]. Details - ImportResultOutputID=9b3481a2d068124527dbc2b5319de8af DependenciesID=ecdcc3a2c1d7c893440fbc435af83817 StaticDependenciesID=4dc823e49a935b068cc18fc5e78f3678 
Number of updated asset objects reloaded before import = 0
Number of asset objects unloaded after import = 1
========================================================================
Received Prepare
AcceleratorClientConnectionCallback - disconnected - :0
Shader Hidden/ChartRasterizerHardware is not supported: GPU does not support conservative rasterization
Refreshing native plugins compatible for Editor in 3.80 ms, found 3 plugins.
Unloading 30 Unused Serialized files (Serialized files now loaded: 0)
Unloading 30 unused Assets / (2.8 MB). Loaded Objects now: 7279.
Memory consumption went from 312.9 MB to 310.0 MB.
Total: 17.074000 ms (FindLiveObjects: 0.999500 ms CreateObjectMapping: 1.111800 ms MarkObjects: 13.098600 ms  DeleteObjects: 1.861500 ms)

Prepare: number of updated asset objects reloaded= 0
Editor requested this worker to shutdown with reason: Editor is closing down
AcceleratorClientConnectionCallback - disconnected - :0
AssetImportWorker is now disconnected from the server
Process exiting
Exiting without the bug reporter. Application will terminate with return code 0